time,s	KORAD,voltage	KORAD,current	KEYSIGHT,voltage	RIGOL,current
0.000	00.000	00.012	+1.23826291E-04	2.96870663E-06
5.000	00.004	00.009	+1.72696641E-03	1.03402412E-02
10.000	00.004	00.009	+1.72092453E-03	1.03335597E-02
15.000	00.004	00.009	+1.71711481E-03	1.03155039E-02
20.000	00.010	00.019	+3.35514845E-03	2.01447809E-02
25.000	00.010	00.019	+3.35593954E-03	2.01512817E-02
30.000	00.010	00.019	+3.35991117E-03	2.01746511E-02
35.000	00.016	00.029	+5.09474685E-03	3.05540294E-02
40.000	00.016	00.029	+5.10335168E-03	3.05292652E-02
45.000	00.016	00.029	+5.10498012E-03	3.05507475E-02
50.000	00.022	00.039	+6.77794197E-03	4.04887553E-02
55.000	00.022	00.039	+6.78906579E-03	4.04867572E-02
60.000	00.022	00.039	+6.79403439E-03	4.04860363E-02
65.000	00.028	00.049	+8.49030793E-03	5.04237555E-02
70.000	00.028	00.049	+8.50779517E-03	5.04173797E-02
75.000	00.028	00.049	+8.51612011E-03	5.04295101E-02
80.000	00.034	00.059	+1.02356475E-02	6.03270529E-02
85.000	00.034	00.059	+1.02597202E-02	6.03196918E-02
90.000	00.034	00.059	+1.02725442E-02	6.03159369E-02
95.000	00.040	00.069	+1.20137202E-02	7.01783325E-02
100.000	00.040	00.069	+1.20487964E-02	7.01716699E-02
105.000	00.040	00.069	+1.20669753E-02	7.01759949E-02
110.000	00.046	00.078	+1.38559797E-02	8.00838333E-02
115.000	00.046	00.078	+1.39042778E-02	8.00895188E-02
120.000	00.046	00.078	+1.39281770E-02	8.00840509E-02
125.000	00.053	00.088	+1.57700873E-02	9.00067180E-02
130.000	00.053	00.088	+1.58363931E-02	9.00396041E-02
135.000	00.053	00.088	+1.58671068E-02	9.00360686E-02
140.000	00.059	00.099	+1.78550124E-02	1.00444344E-01
145.000	00.060	00.099	+1.79412782E-02	1.00436847E-01
150.000	00.060	00.099	+1.79868236E-02	1.00449348E-01
155.000	00.066	00.109	+1.99446123E-02	1.10382980E-01
160.000	00.066	00.109	+2.00509190E-02	1.10384794E-01
165.000	00.066	00.109	+2.01066145E-02	1.10400375E-01
170.000	00.073	00.119	+2.21369613E-02	1.20347158E-01
175.000	00.073	00.118	+2.22671834E-02	1.20323547E-01
180.000	00.073	00.118	+2.23327698E-02	1.20319954E-01
185.000	00.080	00.129	+2.45729403E-02	1.30840948E-01
190.000	00.081	00.129	+2.47387915E-02	1.30828636E-01
195.000	00.081	00.129	+2.48297599E-02	1.30833174E-01
200.000	00.087	00.139	+2.70498479E-02	1.40785753E-01
205.000	00.088	00.139	+2.72461421E-02	1.40785857E-01
210.000	00.088	00.139	+2.73537233E-02	1.40778535E-01
215.000	00.095	00.148	+2.96776707E-02	1.50732692E-01
220.000	00.096	00.148	+2.99137276E-02	1.50717310E-01
225.000	00.096	00.148	+3.00429226E-02	1.50719529E-01
230.000	00.103	00.159	+3.24863291E-02	1.60661902E-01
235.000	00.103	00.159	+3.27717412E-02	1.60651710E-01
240.000	00.104	00.159	+3.29322259E-02	1.60661957E-01
245.000	00.111	00.169	+3.55018690E-02	1.70551931E-01
250.000	00.112	00.169	+3.58450305E-02	1.70563689E-01
255.000	00.112	00.169	+3.60379939E-02	1.70548308E-01
260.000	00.120	00.179	+3.87878110E-02	1.80495368E-01
265.000	00.121	00.179	+3.91997349E-02	1.80504088E-01
270.000	00.121	00.179	+3.94338441E-02	1.80494144E-01
275.000	00.129	00.189	+4.23720585E-02	1.90465720E-01
280.000	00.130	00.189	+4.28626102E-02	1.90488337E-01
285.000	00.131	00.189	+4.31465349E-02	1.90450659E-01
290.000	00.140	00.198	+4.64123319E-02	2.00836662E-01
295.000	00.141	00.198	+4.70164674E-02	2.00842623E-01
300.000	00.141	00.198	+4.73795496E-02	2.00842843E-01
305.000	00.150	00.208	+5.07798249E-02	2.10791680E-01
310.000	00.151	00.208	+5.14806167E-02	2.10788094E-01
315.000	00.152	00.208	+5.19101180E-02	2.10801310E-01
320.000	00.162	00.219	+5.55819150E-02	2.20739799E-01
325.000	00.163	00.219	+5.63932904E-02	2.20726205E-01
330.000	00.164	00.219	+5.68998744E-02	2.20715925E-01
335.000	00.174	00.229	+6.08740826E-02	2.30651456E-01
340.000	00.175	00.229	+6.18536894E-02	2.30640047E-01
345.000	00.176	00.229	+6.24576445E-02	2.30658978E-01
350.000	00.187	00.238	+6.68206940E-02	2.40606457E-01
355.000	00.189	00.238	+6.79892161E-02	2.40630713E-01
360.000	00.190	00.238	+6.87212027E-02	2.40615119E-01
365.000	00.202	00.249	+7.35188262E-02	2.50607087E-01
370.000	00.204	00.249	+7.48473497E-02	2.50585936E-01
375.000	00.205	00.249	+7.56962718E-02	2.50593998E-01
380.000	00.218	00.258	+8.09527710E-02	2.60559285E-01
385.000	00.220	00.258	+8.24705869E-02	2.60550217E-01
390.000	00.222	00.258	+8.34330650E-02	2.60547023E-01
395.000	00.235	00.268	+8.92274124E-02	2.70575153E-01
400.000	00.238	00.268	+9.09902531E-02	2.70589182E-01
405.000	00.240	00.268	+9.20806009E-02	2.70582976E-01
410.000	00.253	00.279	+9.83098486E-02	2.80528133E-01
415.000	00.256	00.279	+1.00102494E-01	2.80524948E-01
420.000	00.258	00.279	+1.01189037E-01	2.80534735E-01
425.000	00.273	00.289	+1.07958820E-01	2.90461687E-01
430.000	00.277	00.289	+1.10017392E-01	2.90488570E-01
435.000	00.279	00.289	+1.11227090E-01	2.90500971E-01
440.000	00.294	00.298	+1.18556230E-01	3.00372605E-01
445.000	00.298	00.298	+1.20797531E-01	3.00384009E-01
450.000	00.300	00.298	+1.22097316E-01	3.00375618E-01
455.000	00.319	00.308	+1.30000435E-01	3.10310324E-01
460.000	00.323	00.308	+1.32325093E-01	3.10309047E-01
465.000	00.325	00.308	+1.33540430E-01	3.10324818E-01
470.000	00.343	00.318	+1.42353655E-01	3.20775347E-01
475.000	00.348	00.318	+1.44811741E-01	3.20789929E-01
480.000	00.351	00.318	+1.46021416E-01	3.20767782E-01
485.000	00.371	00.328	+1.54929098E-01	3.30659990E-01
490.000	00.383	00.328	+1.57282195E-01	3.30674125E-01
495.000	00.382	00.328	+1.58337398E-01	3.30657793E-01
500.000	00.400	00.339	+1.67679205E-01	3.40596979E-01
505.000	00.403	00.339	+1.69904076E-01	3.40609686E-01
510.000	00.404	00.339	+1.70833798E-01	3.40596717E-01
515.000	00.426	00.348	+1.80593752E-01	3.50546572E-01
520.000	00.431	00.348	+1.82677171E-01	3.50547978E-01
525.000	00.432	00.348	+1.83449212E-01	3.50555887E-01
530.000	00.453	00.359	+1.93569289E-01	3.60500147E-01
535.000	00.456	00.359	+1.95474443E-01	3.60494171E-01
540.000	00.457	00.359	+1.96082582E-01	3.60471395E-01
545.000	00.478	00.368	+2.06505864E-01	3.70394106E-01
550.000	00.481	00.368	+2.08289386E-01	3.70407371E-01
555.000	00.481	00.368	+2.08833769E-01	3.70394549E-01
560.000	00.503	00.378	+2.19694894E-01	3.80320004E-01
565.000	00.507	00.378	+2.21408800E-01	3.80332079E-01
570.000	00.508	00.378	+2.21907809E-01	3.80343829E-01
575.000	00.530	00.388	+2.33172257E-01	3.90312218E-01
580.000	00.533	00.388	+2.34776345E-01	3.90314274E-01
585.000	00.534	00.388	+2.35176054E-01	3.90319449E-01
590.000	00.559	00.398	+2.47184686E-01	4.00586439E-01
595.000	00.561	00.398	+2.48701012E-01	4.00593577E-01
600.000	00.561	00.398	+2.48973723E-01	4.00596396E-01
605.000	00.584	00.408	+2.60819702E-01	4.10545016E-01
610.000	00.586	00.408	+2.62060991E-01	4.10545118E-01
615.000	00.587	00.408	+2.62289105E-01	4.10552824E-01
620.000	00.612	00.418	+2.74506760E-01	4.20473288E-01
625.000	00.615	00.418	+2.75729127E-01	4.20469152E-01
630.000	00.615	00.418	+2.75946966E-01	4.20483155E-01
635.000	00.642	00.428	+2.89136551E-01	4.30909415E-01
640.000	00.644	00.428	+2.90255625E-01	4.30901481E-01
645.000	00.645	00.428	+2.90394658E-01	4.30899479E-01
650.000	00.671	00.438	+3.03224429E-01	4.40847427E-01
655.000	00.674	00.438	+3.04196486E-01	4.40840444E-01
660.000	00.674	00.438	+3.04325732E-01	4.40845849E-01
665.000	00.701	00.449	+3.17449261E-01	4.50800399E-01
670.000	00.702	00.449	+3.18294552E-01	4.50805881E-01
675.000	00.703	00.449	+3.18391490E-01	4.50804682E-01
680.000	00.731	00.458	+3.31803968E-01	4.60775814E-01
685.000	00.733	00.458	+3.32579830E-01	4.60777492E-01
690.000	00.733	00.458	+3.32655206E-01	4.60774267E-01
695.000	00.763	00.468	+3.46146758E-01	4.70618078E-01
700.000	00.764	00.468	+3.46827645E-01	4.70626986E-01
705.000	00.764	00.468	+3.46888034E-01	4.70633744E-01
710.000	00.794	00.478	+3.60764387E-01	4.80598659E-01
715.000	00.795	00.478	+3.61364701E-01	4.80592707E-01
720.000	00.795	00.478	+3.61409777E-01	4.80599108E-01
725.000	00.826	00.488	+3.75527682E-01	4.90563320E-01
730.000	00.828	00.488	+3.76089402E-01	4.90542586E-01
735.000	00.828	00.488	+3.76099571E-01	4.90522542E-01
740.000	00.859	00.498	+3.90379559E-01	5.00461732E-01
745.000	00.860	00.498	+3.90840491E-01	5.00444135E-01
750.000	00.860	00.498	+3.90850463E-01	5.00455524E-01
755.000	00.891	00.508	+4.05315766E-01	5.10381188E-01
760.000	00.892	00.508	+4.05722719E-01	5.10433275E-01
765.000	00.892	00.508	+4.05722962E-01	5.10408486E-01
770.000	00.923	00.518	+4.20432204E-01	5.20371842E-01
775.000	00.923	00.518	+4.20732141E-01	5.20361722E-01
780.000	00.923	00.518	+4.20715888E-01	5.20335983E-01
785.000	00.956	00.528	+4.36471372E-01	5.30880610E-01
790.000	00.957	00.528	+4.36775810E-01	5.30887493E-01
795.000	00.957	00.528	+4.36797461E-01	5.30912951E-01
800.000	00.989	00.538	+4.51812066E-01	5.40818237E-01
805.000	00.990	00.538	+4.52070130E-01	5.40818798E-01
810.000	00.990	00.538	+4.52072413E-01	5.40813535E-01
815.000	01.023	00.548	+4.67289820E-01	5.50754499E-01
820.000	01.023	00.548	+4.67473929E-01	5.50747100E-01
825.000	01.023	00.548	+4.67469425E-01	5.50750692E-01
830.000	01.057	00.558	+4.82906426E-01	5.60689407E-01
835.000	01.057	00.558	+4.83091791E-01	5.60710148E-01
840.000	01.057	00.558	+4.83065648E-01	5.60697310E-01
845.000	01.093	00.568	+4.98522630E-01	5.70579824E-01
850.000	01.093	00.568	+4.98644265E-01	5.70611520E-01
855.000	01.093	00.568	+4.98642214E-01	5.70600811E-01
860.000	01.128	00.578	+5.14406425E-01	5.80558813E-01
865.000	01.128	00.578	+5.14554801E-01	5.80541401E-01
870.000	01.128	00.578	+5.14561310E-01	5.80532644E-01
875.000	01.164	00.588	+5.30482853E-01	5.90488846E-01
880.000	01.165	00.588	+5.30630156E-01	5.90480054E-01
885.000	01.165	00.588	+5.30644936E-01	5.90483489E-01
890.000	01.200	00.597	+5.46595646E-01	6.00334323E-01
895.000	01.200	00.597	+5.46709373E-01	6.00349137E-01
900.000	01.200	00.597	+5.46722033E-01	6.00337507E-01
905.000	01.236	00.607	+5.62966959E-01	6.10307666E-01
910.000	01.236	00.608	+5.63071579E-01	6.10305895E-01
915.005	01.236	00.608	+5.63092104E-01	6.10305517E-01
920.000	01.272	00.617	+5.79454120E-01	6.20211209E-01
925.000	01.273	00.618	+5.79553843E-01	6.20232082E-01
930.000	01.273	00.618	+5.79576905E-01	6.20246383E-01
935.000	01.312	00.628	+5.97025298E-01	6.30707745E-01
940.000	01.312	00.628	+5.97047370E-01	6.30682084E-01
945.000	01.312	00.628	+5.97046734E-01	6.30666510E-01
950.000	01.351	00.638	+6.13795401E-01	6.40634767E-01
955.000	01.351	00.638	+6.13879270E-01	6.40641042E-01
960.000	01.351	00.638	+6.13879321E-01	6.40615292E-01
965.000	01.390	00.648	+6.30775219E-01	6.50581654E-01
970.000	01.390	00.648	+6.30841973E-01	6.50576931E-01
975.000	01.390	00.648	+6.30863339E-01	6.50584086E-01
980.000	01.431	00.658	+6.48897305E-01	6.61121878E-01
985.000	01.431	00.658	+6.48960698E-01	6.61144377E-01
990.000	01.431	00.658	+6.48965951E-01	6.61103325E-01
995.000	01.470	00.668	+6.66129844E-01	6.71070833E-01
1000.000	01.470	00.668	+6.66176728E-01	6.71067622E-01
1005.000	01.470	00.668	+6.66194727E-01	6.71059542E-01
1010.000	01.510	00.678	+6.83505246E-01	6.81012114E-01
1015.000	01.510	00.678	+6.83547976E-01	6.81011789E-01
1020.000	01.510	00.678	+6.83555181E-01	6.81008453E-01
1025.000	01.551	00.688	+7.01012311E-01	6.90954547E-01
1030.000	01.551	00.688	+7.01054024E-01	6.90963843E-01
1035.000	01.551	00.688	+7.01062413E-01	6.90956928E-01
1040.000	01.595	00.698	+7.18661308E-01	7.00861508E-01
1045.000	01.596	00.698	+7.18698318E-01	7.00866848E-01
1050.000	01.595	00.698	+7.18706388E-01	7.00864811E-01
1055.000	01.636	00.708	+7.36465994E-01	7.10830772E-01
1060.000	01.636	00.708	+7.36496934E-01	7.10839556E-01
1065.000	01.635	00.708	+7.36493028E-01	7.10818778E-01
1070.000	01.676	00.718	+7.54401638E-01	7.20781393E-01
1075.000	01.676	00.718	+7.54416488E-01	7.20777723E-01
1080.000	01.676	00.718	+7.54425003E-01	7.20777822E-01
1085.000	01.727	00.728	+7.73247195E-01	7.31187747E-01
1090.000	01.726	00.728	+7.73267414E-01	7.31200603E-01
1095.000	01.725	00.728	+7.73264148E-01	7.31186428E-01
1100.000	01.768	00.738	+7.91442048E-01	7.41128336E-01
1105.000	01.768	00.738	+7.91461758E-01	7.41125103E-01
1110.000	01.768	00.738	+7.91468575E-01	7.41126661E-01
1115.000	01.812	00.748	+8.09820739E-01	7.51087714E-01
1120.000	01.812	00.748	+8.09833804E-01	7.51094950E-01
1125.000	01.812	00.748	+8.09845506E-01	7.51104896E-01
1130.000	01.858	00.758	+8.28360542E-01	7.61050925E-01
1135.000	01.858	00.758	+8.28357748E-01	7.61060892E-01
1140.000	01.858	00.758	+8.28380435E-01	7.61069913E-01
1145.000	01.902	00.768	+8.46894183E-01	7.70951020E-01
1150.000	01.902	00.768	+8.46920958E-01	7.70985452E-01
1155.000	01.903	00.768	+8.46936460E-01	7.70970307E-01
1160.000	01.952	00.778	+8.65726600E-01	7.80925346E-01
1165.000	01.952	00.778	+8.65747732E-01	7.80925430E-01
1170.000	01.952	00.778	+8.65744057E-01	7.80915199E-01
1175.000	01.996	00.788	+8.84645906E-01	7.90879638E-01
1180.000	01.996	00.788	+8.84641590E-01	7.90883632E-01
1185.000	01.996	00.788	+8.84641449E-01	7.90876849E-01
1190.000	02.042	00.798	+9.03910377E-01	8.00946342E-01
1195.000	02.042	00.798	+9.03919202E-01	8.00937688E-01
1200.000	02.041	00.798	+9.03916102E-01	8.00955455E-01
1205.000	02.089	00.808	+9.23104405E-01	8.10913746E-01
1210.000	02.087	00.808	+9.23105390E-01	8.10913075E-01
1215.000	02.085	00.808	+9.23114469E-01	8.10918056E-01
1220.000	02.138	00.818	+9.42464955E-01	8.20863030E-01
1225.000	02.136	00.818	+9.42442031E-01	8.20855995E-01
1230.000	02.135	00.818	+9.42443544E-01	8.20855225E-01
1235.000	02.186	00.828	+9.62859976E-01	8.31289181E-01
1240.000	02.186	00.828	+9.62851191E-01	8.31288980E-01
1245.000	02.186	00.828	+9.62851249E-01	8.31266494E-01
1250.000	02.233	00.837	+9.81407238E-01	8.40689950E-01
1255.000	02.233	00.837	+9.81408894E-01	8.40692792E-01
1260.000	02.232	00.837	+9.81405753E-01	8.40692110E-01
1265.000	02.283	00.848	+1.00222491E+00	8.51175249E-01
1270.000	02.280	00.848	+1.00221961E+00	8.51169060E-01
1275.000	02.279	00.848	+1.00221062E+00	8.51173292E-01
1280.000	02.327	00.857	+1.02108429E+00	8.60602108E-01
1285.000	02.325	00.857	+1.02108226E+00	8.60618307E-01
1290.000	02.323	00.857	+1.02107142E+00	8.60605192E-01
1295.000	02.376	00.869	+1.04198503E+00	8.70976758E-01
1300.000	02.374	00.869	+1.04197396E+00	8.70993841E-01
1305.000	02.373	00.869	+1.04197125E+00	8.70986344E-01
1310.000	02.422	00.878	+1.06217852E+00	8.80931817E-01
1315.000	02.420	00.878	+1.06217328E+00	8.80932543E-01
1320.000	02.419	00.878	+1.06217833E+00	8.80943538E-01
1325.000	02.471	00.888	+1.08214621E+00	8.90699682E-01
1330.000	02.471	00.888	+1.08200489E+00	8.90614010E-01
1335.000	02.471	00.888	+1.08193120E+00	8.90601113E-01
1340.000	02.532	00.897	+1.10238483E+00	9.00527429E-01
1345.000	02.525	00.897	+1.10229836E+00	9.00480333E-01
1350.000	02.522	00.897	+1.10228081E+00	9.00477505E-01
1355.000	02.574	00.907	+1.12294971E+00	9.10451295E-01
1360.000	02.573	00.908	+1.12291690E+00	9.10448492E-01
1365.000	02.571	00.908	+1.12290013E+00	9.10437873E-01
1370.000	02.624	00.917	+1.14389679E+00	9.20486617E-01
1375.000	02.623	00.917	+1.14421832E+00	9.20471756E-01
1380.000	02.623	00.918	+1.14426803E+00	9.20659535E-01
1385.000	02.678	00.928	+1.16597429E+00	9.30977031E-01
1390.000	02.677	00.928	+1.16565941E+00	9.30981212E-01
1395.000	02.675	00.928	+1.16557869E+00	9.30783502E-01
1400.000	02.728	00.937	+1.18645677E+00	9.40633377E-01
1405.000	02.726	00.937	+1.18642509E+00	9.40638477E-01
1410.000	02.725	00.938	+1.18642453E+00	9.40632189E-01
1415.000	02.780	00.948	+1.20756405E+00	9.50537515E-01
1420.000	02.778	00.948	+1.20757757E+00	9.50541649E-01
1425.000	02.777	00.948	+1.20759637E+00	9.50557915E-01
1430.000	02.778	00.959	+1.22991375E+00	9.60983280E-01
1435.000	02.777	00.959	+1.23008263E+00	9.60967095E-01
1440.000	02.777	00.959	+1.23005715E+00	9.61031850E-01
1445.000	02.828	00.969	+1.25196458E+00	9.71148229E-01
1450.000	02.828	00.969	+1.25198075E+00	9.71171582E-01
1455.000	02.828	00.969	+1.25197275E+00	9.71155590E-01
1460.000	02.879	00.978	+1.27371817E+00	9.81144223E-01
1465.000	02.879	00.978	+1.27341605E+00	9.80948755E-01
1470.000	02.879	00.978	+1.27333249E+00	9.80962503E-01
1475.000	02.930	00.989	+1.29498649E+00	9.90843081E-01
1480.000	02.930	00.989	+1.29497477E+00	9.90837416E-01
1485.000	02.930	00.989	+1.29498554E+00	9.90816384E-01
1490.000	02.982	00.999	+1.31668857E+00	1.00065521E+00
1495.000	02.982	00.999	+1.31674662E+00	1.00063947E+00
1500.000	02.982	00.999	+1.31675595E+00	1.00066956E+00
1505.000	03.034	01.007	+1.33885939E+00	1.01061129E+00
1510.000	03.034	01.007	+1.33906551E+00	1.01064609E+00
1515.000	03.035	01.007	+1.33908744E+00	1.01071621E+00
1520.000	03.089	01.018	+1.36179447E+00	1.02084179E+00
1525.000	03.089	01.018	+1.36184583E+00	1.02087270E+00
1530.000	03.089	01.018	+1.36183535E+00	1.02086503E+00
1535.000	03.144	01.027	+1.38422521E+00	1.03081087E+00
1540.000	03.144	01.027	+1.38423409E+00	1.03078339E+00
1545.000	03.144	01.027	+1.38426080E+00	1.03080988E+00
1550.000	03.202	01.038	+1.40634846E+00	1.04052424E+00
1555.000	03.201	01.038	+1.40624426E+00	1.04052544E+00
1560.000	03.200	01.038	+1.40615747E+00	1.04044203E+00
1565.000	03.256	01.048	+1.42896772E+00	1.05042792E+00
1570.000	03.256	01.048	+1.42894964E+00	1.05039505E+00
1575.000	03.256	01.048	+1.42896228E+00	1.05038249E+00
1580.000	03.320	01.059	+1.45347455E+00	1.06104348E+00
1585.000	03.320	01.059	+1.45380449E+00	1.06103175E+00
1590.000	03.320	01.059	+1.45387909E+00	1.06121221E+00
1595.000	03.376	01.069	+1.47692584E+00	1.07116547E+00
1600.000	03.376	01.069	+1.47695312E+00	1.07117096E+00
1605.000	03.376	01.069	+1.47696710E+00	1.07117421E+00
1610.000	03.433	01.079	+1.49977223E+00	1.08094137E+00
1615.000	03.431	01.079	+1.49965546E+00	1.08091474E+00
1620.000	03.430	01.079	+1.49959116E+00	1.08085866E+00
1625.000	03.490	01.089	+1.52292325E+00	1.09078568E+00
1630.000	03.490	01.089	+1.52291939E+00	1.09075462E+00
1635.000	03.489	01.089	+1.52294371E+00	1.09077071E+00
1640.000	03.536	01.098	+1.54659543E+00	1.10077366E+00
1645.000	03.531	01.098	+1.54698703E+00	1.10074953E+00
1650.000	03.531	01.098	+1.54703609E+00	1.10095263E+00
1655.000	03.586	01.108	+1.57068375E+00	1.11085815E+00
1660.000	03.586	01.108	+1.57067925E+00	1.11084957E+00
1665.000	03.585	01.108	+1.57072765E+00	1.11085454E+00
1670.000	03.641	01.118	+1.59420667E+00	1.12064842E+00
1675.000	03.641	01.118	+1.59410773E+00	1.12062315E+00
1680.000	03.640	01.118	+1.59404318E+00	1.12054708E+00
1685.000	03.697	01.127	+1.61789644E+00	1.13044275E+00
1690.000	03.697	01.127	+1.61791290E+00	1.13042975E+00
1695.000	03.697	01.127	+1.61794784E+00	1.13043156E+00
1700.000	03.755	01.138	+1.64233465E+00	1.14046359E+00
1705.000	03.755	01.138	+1.64276392E+00	1.14044171E+00
1710.000	03.755	01.138	+1.64286991E+00	1.14066398E+00
1715.000	03.815	01.148	+1.66716470E+00	1.15057305E+00
1720.000	03.815	01.148	+1.66721341E+00	1.15056827E+00
1725.000	03.815	01.148	+1.66729676E+00	1.15057081E+00
1730.000	03.876	01.158	+1.69251808E+00	1.16080858E+00
1735.000	03.876	01.158	+1.69245429E+00	1.16077280E+00
1740.000	03.875	01.158	+1.69244749E+00	1.16072203E+00
1745.000	03.936	01.168	+1.71713038E+00	1.17067397E+00
1750.003	03.935	01.168	+1.71720462E+00	1.17067969E+00
1755.000	03.935	01.168	+1.71728001E+00	1.17067647E+00
1760.000	04.002	01.178	+1.74244371E+00	1.18074783E+00
1765.000	04.001	01.178	+1.74293545E+00	1.18074353E+00
1770.000	04.001	01.178	+1.74310232E+00	1.18094913E+00
1775.000	04.065	01.188	+1.76807810E+00	1.19088043E+00
1780.000	04.065	01.188	+1.76819386E+00	1.19087186E+00
1785.000	04.065	01.188	+1.76828563E+00	1.19088721E+00
1790.000	04.136	01.199	+1.79456493E+00	1.20127787E+00
1795.000	04.135	01.199	+1.79449845E+00	1.20117870E+00
1800.000	04.132	01.199	+1.79451858E+00	1.20113256E+00
1805.000	04.207	01.209	+1.81992971E+00	1.21111805E+00
1810.000	04.203	01.209	+1.82003533E+00	1.21109820E+00
1815.000	04.201	01.209	+1.82016088E+00	1.21108434E+00
1820.000	04.267	01.218	+1.84606259E+00	1.22118348E+00
1825.000	04.265	01.218	+1.84665367E+00	1.22116213E+00
1830.000	04.265	01.218	+1.84685042E+00	1.22136757E+00
1835.000	04.326	01.228	+1.87241990E+00	1.23124722E+00
1840.000	04.325	01.228	+1.87260533E+00	1.23124167E+00
1845.000	04.324	01.228	+1.87278029E+00	1.23123628E+00
1850.000	04.391	01.239	+1.89874016E+00	1.24118618E+00
1855.000	04.390	01.238	+1.89850942E+00	1.24100738E+00
1860.000	04.389	01.238	+1.89864807E+00	1.24101178E+00
1865.000	04.452	01.248	+1.92449045E+00	1.25086030E+00
1870.000	04.451	01.248	+1.92470579E+00	1.25087529E+00
1875.000	04.449	01.248	+1.92491045E+00	1.25085131E+00
1880.000	04.508	01.258	+1.95094965E+00	1.26071236E+00
1885.000	04.506	01.258	+1.95147383E+00	1.26072514E+00
1890.000	04.506	01.258	+1.95174667E+00	1.26083038E+00
1895.000	04.570	01.268	+1.97875713E+00	1.27097933E+00
1900.000	04.569	01.268	+1.97902055E+00	1.27096427E+00
1905.000	04.569	01.268	+1.97927693E+00	1.27096140E+00
1910.000	04.633	01.278	+2.00599349E+00	1.28090386E+00
1915.000	04.633	01.278	+2.00587062E+00	1.28072747E+00
1920.000	04.633	01.278	+2.00612834E+00	1.28073301E+00
1925.000	04.708	01.288	+2.03283473E+00	1.29056001E+00
1930.000	04.689	01.288	+2.03316489E+00	1.29058293E+00
1935.000	04.689	01.288	+2.03349267E+00	1.29059190E+00
1940.000	04.755	01.299	+2.06190114E+00	1.30101902E+00
1945.000	04.755	01.299	+2.06254959E+00	1.30103748E+00
1950.000	04.755	01.299	+2.06295332E+00	1.30113191E+00
1955.000	04.820	01.308	+2.09075724E+00	1.31126684E+00
1960.000	04.820	01.308	+2.09116311E+00	1.31125789E+00
1965.000	04.820	01.308	+2.09155976E+00	1.31126146E+00
1970.000	04.886	01.318	+2.11910470E+00	1.32122708E+00
1975.000	04.886	01.318	+2.11909652E+00	1.32102571E+00
1980.000	04.885	01.318	+2.11950580E+00	1.32103013E+00
1985.000	04.950	01.328	+2.14720034E+00	1.33096114E+00
1990.000	04.950	01.328	+2.14769349E+00	1.33097515E+00
1995.000	04.950	01.328	+2.14814977E+00	1.33097719E+00
2000.000	05.016	01.338	+2.17606207E+00	1.34091186E+00
2005.000	05.017	01.338	+2.17687632E+00	1.34096494E+00
2010.000	05.018	01.338	+2.17740498E+00	1.34101005E+00
2015.000	05.089	01.348	+2.20607596E+00	1.35116537E+00
2020.000	05.009	01.348	+2.20716357E+00	1.35115854E+00
2025.000	05.009	01.348	+2.20773579E+00	1.35115864E+00
2030.000	05.074	01.358	+2.23596540E+00	1.36103322E+00
2035.000	05.075	01.358	+2.23615309E+00	1.36103954E+00
2040.000	05.075	01.358	+2.23671711E+00	1.36086847E+00
2045.000	05.141	01.368	+2.26500971E+00	1.37068819E+00
2050.000	05.142	01.368	+2.26571688E+00	1.37071199E+00
2055.000	05.143	01.368	+2.26634521E+00	1.37070697E+00
2060.000	05.210	01.378	+2.29512406E+00	1.38062691E+00
2065.000	05.210	01.378	+2.29585844E+00	1.38063622E+00
2070.000	05.212	01.378	+2.29654701E+00	1.38064760E+00
2075.000	05.279	01.388	+2.32563896E+00	1.39058225E+00
2080.000	05.280	01.388	+2.32663294E+00	1.39058156E+00
2085.000	05.282	01.388	+2.32746689E+00	1.39069838E+00
2090.000	05.355	01.398	+2.35862202E+00	1.40128044E+00
2095.000	05.356	01.398	+2.35940398E+00	1.40126892E+00
2100.000	05.358	01.398	+2.36019539E+00	1.40126969E+00
2105.000	05.436	01.409	+2.38974078E+00	1.41117773E+00
2110.000	05.444	01.409	+2.39065383E+00	1.41120677E+00
2115.000	05.444	01.409	+2.39148747E+00	1.41119702E+00
2120.000	05.514	01.419	+2.42134660E+00	1.42116133E+00
2125.000	05.516	01.418	+2.42180444E+00	1.42103275E+00
2130.000	05.517	01.418	+2.42266951E+00	1.42100444E+00
2135.000	05.588	01.428	+2.45222903E+00	1.43077897E+00
2140.000	05.590	01.428	+2.45325124E+00	1.43077551E+00
2145.000	05.592	01.428	+2.45415344E+00	1.43079825E+00
2150.000	05.665	01.438	+2.48449886E+00	1.44073730E+00
2155.000	05.667	01.438	+2.48582865E+00	1.44073846E+00
2160.000	05.670	01.438	+2.48684990E+00	1.44084588E+00
2165.000	05.753	01.448	+2.51801074E+00	1.45099313E+00
2170.000	05.755	01.448	+2.51908612E+00	1.45100078E+00
2175.000	05.757	01.448	+2.52013669E+00	1.45098431E+00
2180.000	05.838	01.459	+2.55204774E+00	1.46129783E+00
2185.000	05.839	01.459	+2.55271666E+00	1.46113108E+00
2190.000	05.840	01.458	+2.55378767E+00	1.46111333E+00
2195.000	05.922	01.468	+2.58456066E+00	1.47097213E+00
2200.000	05.922	01.468	+2.58584492E+00	1.47096227E+00
2205.000	05.924	01.468	+2.58694998E+00	1.47097543E+00
2210.000	06.020	01.478	+2.61832289E+00	1.48089085E+00
2215.000	06.019	01.478	+2.61990399E+00	1.48089529E+00
2220.000	06.019	01.478	+2.62114390E+00	1.48099231E+00
2225.000	06.098	01.488	+2.65329090E+00	1.49110754E+00
2230.000	06.098	01.488	+2.65464761E+00	1.49112174E+00
2235.000	06.100	01.488	+2.65591935E+00	1.49112929E+00
2240.000	06.174	01.498	+2.68720947E+00	1.50083900E+00
2245.000	06.175	01.498	+2.68838521E+00	1.50077992E+00
2250.000	06.177	01.498	+2.68965055E+00	1.50073551E+00
2255.000	06.252	01.508	+2.72190290E+00	1.51071153E+00
2260.000	06.254	01.508	+2.72339527E+00	1.51071462E+00
2265.000	06.255	01.508	+2.72480440E+00	1.51068006E+00
2270.000	06.332	01.518	+2.75768048E+00	1.52078883E+00
2275.000	06.336	01.518	+2.75978564E+00	1.52077944E+00
2280.000	06.340	01.518	+2.76128797E+00	1.52093918E+00
2285.000	06.421	01.528	+2.79553219E+00	1.53132163E+00
2290.000	06.423	01.528	+2.79727084E+00	1.53131753E+00
2295.000	06.423	01.528	+2.79890086E+00	1.53131618E+00
2300.000	06.503	01.538	+2.83163095E+00	1.54109690E+00
2305.000	06.505	01.538	+2.83320345E+00	1.54099832E+00
2310.000	06.507	01.538	+2.83490192E+00	1.54098421E+00
2315.000	06.587	01.548	+2.86852168E+00	1.55093999E+00
2320.000	06.592	01.548	+2.87047374E+00	1.55092918E+00
2325.000	06.595	01.548	+2.87232600E+00	1.55092915E+00
2330.000	06.650	01.557	+2.90682837E+00	1.56086045E+00
2335.000	06.664	01.557	+2.90920929E+00	1.56083582E+00
2340.000	06.668	01.557	+2.91122686E+00	1.56083217E+00
2345.000	06.756	01.568	+2.94617360E+00	1.57090388E+00
2350.000	06.757	01.568	+2.94901843E+00	1.57089149E+00
2355.000	06.759	01.568	+2.95106415E+00	1.57101640E+00
2360.000	06.841	01.578	+2.98602850E+00	1.58101320E+00
2365.000	06.843	01.578	+2.98819737E+00	1.58096291E+00
2370.000	06.845	01.578	+2.99035470E+00	1.58097884E+00
2375.000	06.927	01.588	+3.02572155E+00	1.59095282E+00
2380.000	06.930	01.588	+3.02805288E+00	1.59094023E+00
2385.000	06.933	01.588	+3.03033847E+00	1.59095808E+00
2390.000	07.014	01.598	+3.06551124E+00	1.60079726E+00
2395.000	07.018	01.598	+3.06764952E+00	1.60078237E+00
2400.000	07.020	01.598	+3.06977757E+00	1.60071739E+00
2405.000	07.105	01.608	+3.10558129E+00	1.61066393E+00
2410.000	07.109	01.608	+3.10799183E+00	1.61066449E+00
2415.000	07.112	01.608	+3.11033566E+00	1.61064589E+00
2420.000	07.196	01.618	+3.14656859E+00	1.62060035E+00
2425.000	07.200	01.618	+3.14926109E+00	1.62056779E+00
2430.000	07.204	01.618	+3.15170899E+00	1.62058104E+00
2435.000	07.290	01.628	+3.19063120E+00	1.63110797E+00
2440.000	07.291	01.628	+3.19402563E+00	1.63127529E+00
2445.000	07.296	01.628	+3.19651171E+00	1.63128190E+00
2450.000	07.376	01.638	+3.23150622E+00	1.64070176E+00
2455.000	07.381	01.638	+3.23424491E+00	1.64069745E+00
2460.000	07.386	01.638	+3.23676823E+00	1.64071241E+00
2465.000	07.476	01.648	+3.27563075E+00	1.65115551E+00
2470.000	07.481	01.648	+3.27800494E+00	1.65113718E+00
2475.000	07.485	01.648	+3.28055139E+00	1.65100908E+00
2480.000	07.570	01.658	+3.31721044E+00	1.66079139E+00
2485.004	07.575	01.658	+3.32011493E+00	1.66078358E+00
2490.000	07.580	01.658	+3.32271121E+00	1.66077903E+00
2495.000	07.666	01.668	+3.36021615E+00	1.67072836E+00
2500.000	07.672	01.668	+3.36352320E+00	1.67083093E+00
2505.000	07.677	01.668	+3.36616966E+00	1.67086315E+00
2510.000	07.767	01.678	+3.40451164E+00	1.68094052E+00
2515.000	07.772	01.678	+3.40736897E+00	1.68094371E+00
2520.000	07.777	01.678	+3.40993617E+00	1.68093294E+00
2525.000	07.867	01.688	+3.44740823E+00	1.69072289E+00
2530.000	07.872	01.688	+3.44993214E+00	1.69071216E+00
2535.000	07.876	01.688	+3.45244655E+00	1.69060605E+00
2540.000	07.966	01.698	+3.49057675E+00	1.70052749E+00
2545.000	07.972	01.698	+3.49334163E+00	1.70053513E+00
2550.000	07.976	01.698	+3.49581541E+00	1.70049275E+00
2555.000	08.067	01.708	+3.53424876E+00	1.71046448E+00
2560.000	08.073	01.708	+3.53714088E+00	1.71046191E+00
2565.000	08.078	01.708	+3.53967498E+00	1.71047373E+00
2570.000	08.182	01.718	+3.58257925E+00	1.72160149E+00
2575.000	08.190	01.718	+3.58609077E+00	1.72176700E+00
2580.000	08.205	01.718	+3.58850917E+00	1.72175359E+00
2585.000	08.271	01.728	+3.62758082E+00	1.73167469E+00
2590.000	08.276	01.728	+3.63054540E+00	1.73169263E+00
2595.000	08.280	01.728	+3.63303117E+00	1.73168362E+00
2600.000	08.371	01.738	+3.67198683E+00	1.74165975E+00
2605.000	08.377	01.738	+3.67405740E+00	1.74165158E+00
2610.000	08.381	01.738	+3.67648184E+00	1.74148483E+00
2615.000	08.471	01.748	+3.71496601E+00	1.75130809E+00
2620.000	08.478	01.748	+3.71766232E+00	1.75131034E+00
2625.000	08.483	01.748	+3.71992462E+00	1.75130263E+00
2630.000	08.575	01.757	+3.75871996E+00	1.76117816E+00
2635.000	08.580	01.757	+3.76122606E+00	1.76119708E+00
2640.000	08.586	01.757	+3.76342404E+00	1.76122860E+00
2645.000	08.678	01.768	+3.80241959E+00	1.77119128E+00
2650.000	08.684	01.768	+3.80503888E+00	1.77125032E+00
2655.000	08.689	01.768	+3.80704024E+00	1.77128875E+00
2660.000	08.783	01.778	+3.84632339E+00	1.78139470E+00
2665.000	08.788	01.778	+3.84834145E+00	1.78138149E+00
2670.000	08.792	01.778	+3.84990766E+00	1.78135078E+00
2675.000	08.889	01.788	+3.89004341E+00	1.79171885E+00
2680.000	08.893	01.788	+3.89161727E+00	1.79171025E+00
2685.000	08.898	01.788	+3.89305242E+00	1.79174544E+00
2690.000	08.986	01.797	+3.92856528E+00	1.80100900E+00
2695.000	08.989	01.797	+3.92926088E+00	1.80090880E+00
2700.000	08.992	01.797	+3.92997378E+00	1.80091546E+00
2705.000	09.084	01.808	+3.96773990E+00	1.81088092E+00
2710.000	09.088	01.808	+3.96822199E+00	1.81087696E+00
2715.000	09.090	01.808	+3.96847770E+00	1.81087302E+00
2720.000	09.183	01.818	+4.00575783E+00	1.82082208E+00
2725.000	09.186	01.818	+4.00570097E+00	1.82084830E+00
2730.000	09.188	01.818	+4.00536792E+00	1.82085341E+00
2735.000	09.274	01.828	+4.04474510E+00	1.83139041E+00
2740.000	09.270	01.828	+4.04469273E+00	1.83139540E+00
2745.000	09.269	01.828	+4.04380714E+00	1.83152056E+00
2750.000	09.356	01.838	+4.08022333E+00	1.84148295E+00
2755.000	09.356	01.838	+4.07906693E+00	1.84147519E+00
2760.000	09.354	01.838	+4.07800808E+00	1.84149257E+00
2765.000	09.440	01.848	+4.11367409E+00	1.85126471E+00
2770.000	09.438	01.848	+4.11219673E+00	1.85120211E+00
2775.000	09.436	01.848	+4.11095969E+00	1.85120162E+00
2780.000	09.524	01.858	+4.14783316E+00	1.86126088E+00
2785.000	09.522	01.858	+4.14657842E+00	1.86126680E+00
2790.000	09.519	01.858	+4.14532040E+00	1.86122303E+00
2795.000	09.606	01.868	+4.18196266E+00	1.87120091E+00
2800.000	09.604	01.868	+4.18077336E+00	1.87119799E+00
2805.000	09.601	01.868	+4.17958559E+00	1.87121390E+00
2810.000	09.689	01.877	+4.21679461E+00	1.88124858E+00
2815.000	09.687	01.877	+4.21615476E+00	1.88141015E+00
2820.000	09.686	01.877	+4.21502771E+00	1.88140564E+00
2825.000	09.772	01.887	+4.25183131E+00	1.89130290E+00
2830.000	09.770	01.887	+4.25067250E+00	1.89131325E+00
2835.000	09.768	01.887	+4.24956547E+00	1.89131174E+00
2840.000	09.853	01.897	+4.28613192E+00	1.90110295E+00
2845.000	09.851	01.897	+4.28464784E+00	1.90104106E+00
2850.000	09.848	01.897	+4.28363518E+00	1.90097303E+00
2855.000	09.937	01.907	+4.32111460E+00	1.91094782E+00
2860.000	09.935	01.907	+4.32008682E+00	1.91093540E+00
2865.000	09.932	01.907	+4.31909207E+00	1.91091275E+00
2870.000	10.022	01.917	+4.35689392E+00	1.92089289E+00
2875.000	10.020	01.917	+4.35610728E+00	1.92091014E+00
2880.000	10.018	01.917	+4.35528037E+00	1.92091232E+00
2885.000	10.112	01.927	+4.39536925E+00	1.93140271E+00
2890.000	10.110	01.927	+4.39515878E+00	1.93155384E+00
2895.000	10.109	01.927	+4.39443966E+00	1.93155693E+00
2900.000	10.200	01.937	+4.43266700E+00	1.94150158E+00
2905.000	10.198	01.937	+4.43195462E+00	1.94148273E+00
2910.000	10.196	01.937	+4.43133884E+00	1.94148216E+00
2915.000	10.286	01.947	+4.46926444E+00	1.95127269E+00
2920.000	10.284	01.947	+4.46832616E+00	1.95125388E+00
2925.000	10.281	01.947	+4.46783092E+00	1.95117068E+00
2930.000	10.372	01.958	+4.50649048E+00	1.96108555E+00
2935.000	10.371	01.958	+4.50602391E+00	1.96108919E+00
2940.000	10.369	01.958	+4.50561008E+00	1.96106170E+00
2945.000	10.461	01.967	+4.54482942E+00	1.97104426E+00
2950.000	10.460	01.967	+4.54458094E+00	1.97106673E+00
2955.000	10.458	01.967	+4.54427436E+00	1.97104788E+00
2960.000	10.551	01.977	+4.58411586E+00	1.98111912E+00
2965.000	10.550	01.977	+4.58448433E+00	1.98126693E+00
2970.000	10.551	01.977	+4.58435538E+00	1.98126996E+00
2975.000	10.647	01.987	+4.62532672E+00	1.99155587E+00
2980.000	10.647	01.987	+4.62538733E+00	1.99159067E+00
2985.000	10.646	01.987	+4.62529907E+00	1.99159256E+00
2990.000	10.739	01.998	+4.66447483E+00	2.00135879E+00
2995.000	10.738	01.998	+4.66409213E+00	2.00127317E+00
3000.000	10.738	01.998	+4.66408786E+00	2.00125332E+00
3005.000	10.738	01.998	+4.66410357E+00	2.00125221E+00
3010.000	10.738	01.998	+4.66416166E+00	2.00124079E+00
3015.000	10.738	01.998	+4.66421647E+00	2.00123114E+00
3020.000	10.738	01.998	+4.66427050E+00	2.00122901E+00
3025.000	10.739	01.998	+4.66446683E+00	2.00123079E+00
3030.000	10.740	01.998	+4.66467251E+00	2.00124244E+00
3035.000	10.741	01.998	+4.66489325E+00	2.00124544E+00
3040.000	10.742	01.998	+4.66510979E+00	2.00124082E+00
3045.000	10.743	01.998	+4.66529485E+00	2.00124952E+00
3050.000	10.746	01.998	+4.66593578E+00	2.00136925E+00
3055.000	10.748	01.998	+4.66675326E+00	2.00139251E+00
3060.000	10.754	01.998	+4.66694997E+00	2.00150798E+00
3065.000	10.729	01.998	+4.66766428E+00	2.00150881E+00
3070.000	10.728	01.998	+4.66787750E+00	2.00150123E+00
3075.000	10.725	01.998	+4.66811765E+00	2.00150115E+00
3080.000	10.724	01.998	+4.66837956E+00	2.00152358E+00
3085.000	10.723	01.998	+4.66863700E+00	2.00149811E+00
3090.000	10.723	01.998	+4.66887961E+00	2.00149893E+00
3095.000	10.722	01.998	+4.66858377E+00	2.00138087E+00
3100.000	10.721	01.998	+4.66841311E+00	2.00127679E+00
3105.000	10.720	01.998	+4.66867675E+00	2.00125159E+00
3110.000	10.720	01.998	+4.66888669E+00	2.00124763E+00
3115.000	10.720	01.998	+4.66919540E+00	2.00124509E+00
3120.000	10.720	01.998	+4.66942768E+00	2.00123517E+00
3125.000	10.720	01.998	+4.66973725E+00	2.00124670E+00
3130.000	10.721	01.998	+4.67008442E+00	2.00128020E+00
3135.000	10.721	01.998	+4.67031378E+00	2.00126727E+00
3140.000	10.722	01.998	+4.67097075E+00	2.00135333E+00
3145.000	10.723	01.998	+4.67185863E+00	2.00151327E+00
3150.000	10.724	01.998	+4.67214207E+00	2.00150210E+00
3155.000	10.724	01.998	+4.67236601E+00	2.00149459E+00
3160.000	10.724	01.998	+4.67270390E+00	2.00151752E+00
3165.000	10.725	01.998	+4.67296573E+00	2.00152051E+00
3170.000	10.725	01.998	+4.67265903E+00	2.00137796E+00
3175.000	10.725	01.998	+4.67238540E+00	2.00131827E+00
3180.000	10.724	01.998	+4.67274908E+00	2.00126183E+00
3185.000	10.724	01.998	+4.67298637E+00	2.00125509E+00
3190.000	10.725	01.998	+4.67327310E+00	2.00125970E+00
3195.000	10.725	01.998	+4.67349515E+00	2.00124582E+00
3200.000	10.725	01.998	+4.67378583E+00	2.00124876E+00
3205.000	10.726	01.998	+4.67409532E+00	2.00127024E+00
3210.000	10.726	01.998	+4.67431666E+00	2.00126323E+00
3215.000	10.728	01.998	+4.67493002E+00	2.00135897E+00
3220.000	10.728	01.998	+4.67585145E+00	2.00151729E+00
3225.000	10.730	01.998	+4.67607607E+00	2.00151046E+00
3230.000	10.730	01.998	+4.67631669E+00	2.00150000E+00
3235.000	10.730	01.998	+4.67650451E+00	2.00150214E+00
3240.000	10.731	01.998	+4.67687669E+00	2.00152066E+00
3245.000	10.731	01.998	+4.67648824E+00	2.00136864E+00
3250.000	10.731	01.998	+4.67627825E+00	2.00134461E+00
3255.000	10.731	01.998	+4.67654857E+00	2.00124884E+00
3260.000	10.731	01.998	+4.67677296E+00	2.00126763E+00
3265.000	10.731	01.998	+4.67699176E+00	2.00126876E+00
3270.000	10.731	01.998	+4.67720554E+00	2.00124413E+00
3275.000	10.732	01.998	+4.67741090E+00	2.00126985E+00
3280.000	10.733	01.998	+4.67776916E+00	2.00127084E+00
3285.000	10.733	01.998	+4.67798327E+00	2.00126797E+00
3290.000	10.734	01.998	+4.67864839E+00	2.00138228E+00
3295.000	10.736	01.998	+4.67943624E+00	2.00149832E+00
3300.000	10.736	01.998	+4.67963871E+00	2.00152149E+00
3305.000	10.737	01.998	+4.67985264E+00	2.00149853E+00
3310.000	10.737	01.998	+4.68003191E+00	2.00150986E+00
3315.000	10.737	01.998	+4.68021377E+00	2.00149684E+00
3320.000	10.737	01.998	+4.67984066E+00	2.00134155E+00
3325.000	10.737	01.998	+4.67973665E+00	2.00137612E+00
3330.000	10.737	01.998	+4.67992669E+00	2.00127129E+00
3335.000	10.737	01.998	+4.68012552E+00	2.00125914E+00
3340.000	10.738	01.998	+4.68033015E+00	2.00126480E+00
3345.000	10.738	01.998	+4.68049747E+00	2.00125079E+00
3350.000	10.739	01.998	+4.68078053E+00	2.00128673E+00
3355.000	10.739	01.998	+4.68098331E+00	2.00126599E+00
3360.000	10.740	01.998	+4.68124084E+00	2.00125740E+00
3365.000	10.741	01.998	+4.68188932E+00	2.00137947E+00
3370.000	10.742	01.998	+4.68265351E+00	2.00144126E+00
3375.000	10.743	01.998	+4.68276456E+00	2.00151135E+00
3380.000	10.743	01.998	+4.68293813E+00	2.00150066E+00
3385.000	10.744	01.998	+4.68313949E+00	2.00149615E+00
3390.000	10.744	01.998	+4.68331472E+00	2.00149407E+00
3395.000	10.745	01.998	+4.68340041E+00	2.00148300E+00
3400.000	10.745	01.998	+4.68316034E+00	2.00134971E+00
3405.000	10.745	01.998	+4.68335673E+00	2.00136134E+00
3410.000	10.745	01.998	+4.68309445E+00	2.00126152E+00
3415.000	10.745	01.998	+4.68331124E+00	2.00123419E+00
3420.000	10.745	01.998	+4.68350230E+00	2.00125682E+00
3425.000	10.746	01.998	+4.68365208E+00	2.00123097E+00
3430.000	10.747	01.998	+4.68380311E+00	2.00124259E+00
3435.000	10.747	01.998	+4.68398136E+00	2.00124127E+00
3440.000	10.748	01.998	+4.68416396E+00	2.00123518E+00
3445.000	10.748	01.998	+4.68439917E+00	2.00125534E+00
3450.000	10.749	01.998	+4.68459232E+00	2.00123686E+00
3455.000	10.749	01.998	+4.68487017E+00	2.00126606E+00
3460.000	10.750	01.998	+4.68544962E+00	2.00138437E+00
3465.000	10.751	01.998	+4.68562229E+00	2.00137155E+00
3470.000	10.753	01.998	+4.68629658E+00	2.00151040E+00
3475.000	10.753	01.998	+4.68649726E+00	2.00150626E+00
3480.000	10.753	01.998	+4.68663360E+00	2.00149212E+00
3485.000	10.754	01.998	+4.68679198E+00	2.00148652E+00
3490.000	10.754	01.998	+4.68689849E+00	2.00147633E+00
3495.000	10.755	01.998	+4.68724795E+00	2.00151381E+00
3500.000	10.755	01.998	+4.68736525E+00	2.00151019E+00
3505.000	10.756	01.998	+4.68696064E+00	2.00145410E+00
3510.000	10.756	01.998	+4.68711276E+00	2.00136897E+00
3515.000	10.755	01.998	+4.68686709E+00	2.00126366E+00
3520.000	10.755	01.998	+4.68702035E+00	2.00126402E+00
3525.000	10.756	01.998	+4.68718445E+00	2.00126683E+00
3530.000	10.756	01.998	+4.68728653E+00	2.00122889E+00
3535.000	10.757	01.998	+4.68747741E+00	2.00125046E+00
3540.000	10.757	01.998	+4.68765893E+00	2.00124287E+00
3545.000	10.757	01.998	+4.68789432E+00	2.00127529E+00
3550.000	10.759	01.998	+4.68846557E+00	2.00138464E+00
3555.000	10.759	01.998	+4.68863112E+00	2.00137185E+00
3560.000	10.761	01.998	+4.68933966E+00	2.00151412E+00
3565.000	10.762	01.998	+4.68949951E+00	2.00151091E+00
3570.000	10.762	01.998	+4.68964210E+00	2.00150677E+00
3575.000	10.763	01.998	+4.68981187E+00	2.00151745E+00
3580.000	10.763	01.998	+4.68937417E+00	2.00148960E+00
3585.000	10.763	01.998	+4.68952381E+00	2.00138023E+00
3590.000	10.764	01.998	+4.68928150E+00	2.00124104E+00
3595.000	10.764	01.998	+4.68942821E+00	2.00126208E+00
3600.000	10.764	01.998	+4.68954519E+00	2.00126320E+00
3605.000	10.669	01.988	+4.64954256E+00	1.99132073E+00
3610.000	10.669	01.988	+4.64968948E+00	1.99130312E+00
3615.000	10.669	01.988	+4.64987954E+00	1.99133329E+00
3620.000	10.571	01.978	+4.60850754E+00	1.98102097E+00
3625.000	10.571	01.978	+4.60902242E+00	1.98108993E+00
3630.000	10.571	01.978	+4.60921587E+00	1.98113205E+00
3635.000	10.481	01.968	+4.56997094E+00	1.97128805E+00
3640.000	10.480	01.968	+4.57003042E+00	1.97130090E+00
3645.000	10.480	01.968	+4.57016546E+00	1.97130035E+00
3650.000	10.391	01.958	+4.53052965E+00	1.96133254E+00
3655.000	10.389	01.958	+4.53064880E+00	1.96135053E+00
3660.000	10.388	01.958	+4.53066851E+00	1.96132270E+00
3665.000	10.301	01.948	+4.49081151E+00	1.95127233E+00
3670.000	10.298	01.948	+4.49055545E+00	1.95119190E+00
3675.000	10.296	01.948	+4.49066711E+00	1.95117014E+00
3680.000	10.225	01.938	+4.45134883E+00	1.94123331E+00
3685.000	10.220	01.938	+4.45138262E+00	1.94122483E+00
3690.000	10.216	01.938	+4.45146592E+00	1.94122613E+00
3695.000	10.135	01.928	+4.41233887E+00	1.93126296E+00
3700.000	10.132	01.928	+4.41254121E+00	1.93130755E+00
3705.000	10.130	01.928	+4.41260049E+00	1.93129191E+00
3710.000	10.039	01.918	+4.37231259E+00	1.92103511E+00
3715.000	10.038	01.918	+4.37290827E+00	1.92117623E+00
3720.000	10.038	01.918	+4.37297962E+00	1.92116361E+00
3725.000	09.948	01.908	+4.33409246E+00	1.91120972E+00
3730.000	09.947	01.908	+4.33415573E+00	1.91119699E+00
3735.000	09.946	01.908	+4.33424153E+00	1.91123003E+00
3740.000	09.857	01.898	+4.29544996E+00	1.90124687E+00
3745.000	09.856	01.898	+4.29496256E+00	1.90109423E+00
3750.000	09.854	01.898	+4.29502992E+00	1.90109144E+00
3755.000	09.764	01.888	+4.25614157E+00	1.89106572E+00
3760.000	09.764	01.888	+4.25622699E+00	1.89107209E+00
3765.000	09.764	01.888	+4.25626578E+00	1.89106203E+00
3770.000	09.674	01.878	+4.21810404E+00	1.88118300E+00
3775.000	09.674	01.878	+4.21855845E+00	1.88119627E+00
3780.000	09.674	01.878	+4.21865816E+00	1.88129766E+00
3785.000	09.586	01.868	+4.18094232E+00	1.87148586E+00
3790.000	09.586	01.868	+4.18096585E+00	1.87148596E+00
3795.000	09.586	01.868	+4.18104317E+00	1.87146975E+00
3800.000	09.496	01.858	+4.14240143E+00	1.86139365E+00
3805.000	09.496	01.858	+4.14205493E+00	1.86129394E+00
3810.000	09.495	01.858	+4.14212693E+00	1.86130442E+00
3815.000	09.405	01.848	+4.10366370E+00	1.85120126E+00
3820.000	09.405	01.848	+4.10377811E+00	1.85123069E+00
3825.000	09.405	01.848	+4.10381212E+00	1.85122475E+00
3830.000	09.317	01.838	+4.06643197E+00	1.84137535E+00
3835.000	09.317	01.838	+4.06696506E+00	1.84141085E+00
3840.000	09.317	01.838	+4.06704580E+00	1.84150318E+00
3845.000	09.233	01.828	+4.02933139E+00	1.83154103E+00
3850.000	09.233	01.828	+4.02933024E+00	1.83152570E+00
3855.000	09.232	01.828	+4.02942024E+00	1.83153811E+00
3860.000	09.140	01.818	+3.98957694E+00	1.82096157E+00
3865.000	09.140	01.818	+3.98916489E+00	1.82084921E+00
3870.000	09.139	01.818	+3.98924611E+00	1.82085288E+00
3875.000	09.052	01.808	+3.95184844E+00	1.81089584E+00
3880.000	09.052	01.808	+3.95189718E+00	1.81089018E+00
3885.000	09.052	01.808	+3.95194083E+00	1.81089166E+00
3890.000	08.965	01.798	+3.91474969E+00	1.80094021E+00
3895.000	08.965	01.798	+3.91489322E+00	1.80095380E+00
3900.000	08.965	01.798	+3.91490157E+00	1.80094597E+00
3905.000	08.884	01.788	+3.88031242E+00	1.79166245E+00
3910.000	08.884	01.788	+3.88084974E+00	1.79179773E+00
3915.000	08.884	01.788	+3.88085189E+00	1.79179754E+00
3920.000	08.795	01.778	+3.84237978E+00	1.78136493E+00
3925.000	08.795	01.778	+3.84240193E+00	1.78138404E+00
3930.000	08.795	01.778	+3.84245206E+00	1.78139858E+00
3935.000	08.709	01.768	+3.80572787E+00	1.77145287E+00
3940.000	08.708	01.768	+3.80577186E+00	1.77142494E+00
3945.000	08.708	01.768	+3.80580547E+00	1.77143872E+00
3950.000	08.623	01.758	+3.76873672E+00	1.76133403E+00
3955.000	08.622	01.758	+3.76838532E+00	1.76129564E+00
3960.000	08.621	01.758	+3.76842552E+00	1.76123803E+00
3965.000	08.538	01.748	+3.73222767E+00	1.75133782E+00
3970.000	08.537	01.748	+3.73232234E+00	1.75133233E+00
3975.000	08.537	01.748	+3.73233149E+00	1.75134496E+00
3980.000	08.454	01.738	+3.69660422E+00	1.74152060E+00
3985.000	08.454	01.738	+3.69714109E+00	1.74167610E+00
3990.000	08.454	01.738	+3.69713814E+00	1.74166558E+00
3995.000	08.371	01.729	+3.66106464E+00	1.73168973E+00
4000.000	08.371	01.728	+3.66108021E+00	1.73168597E+00
4005.000	08.371	01.728	+3.66111935E+00	1.73169305E+00
4010.000	08.287	01.719	+3.62471620E+00	1.72161253E+00
4015.000	08.286	01.719	+3.62434565E+00	1.72152761E+00
4020.000	08.285	01.719	+3.62438282E+00	1.72149592E+00
4025.000	08.194	01.708	+3.58484970E+00	1.71048390E+00
4030.000	08.194	01.708	+3.58494292E+00	1.71050427E+00
4035.000	08.193	01.708	+3.58494544E+00	1.71049609E+00
4040.000	08.112	01.698	+3.54982847E+00	1.70067546E+00
4045.000	08.112	01.698	+3.55034021E+00	1.70079398E+00
4050.000	08.112	01.698	+3.55035089E+00	1.70078899E+00
4055.000	08.031	01.688	+3.51508150E+00	1.69085918E+00
4060.000	08.031	01.688	+3.51510413E+00	1.69087515E+00
4065.000	08.031	01.688	+3.51516092E+00	1.69089271E+00
4070.000	07.948	01.678	+3.47942212E+00	1.68078516E+00
4075.000	07.947	01.678	+3.47904394E+00	1.68068585E+00
4080.000	07.946	01.678	+3.47909375E+00	1.68068172E+00
4085.000	07.865	01.668	+3.44402273E+00	1.67073910E+00
4090.000	07.865	01.668	+3.44409895E+00	1.67074013E+00
4095.000	07.864	01.668	+3.44408670E+00	1.67073600E+00
4100.000	07.784	01.658	+3.40964676E+00	1.66091247E+00
4105.000	07.784	01.658	+3.41008571E+00	1.66103506E+00
4110.000	07.784	01.658	+3.41010546E+00	1.66102856E+00
4115.000	07.705	01.648	+3.37561674E+00	1.65114216E+00
4120.000	07.704	01.648	+3.37564302E+00	1.65113640E+00
4125.000	07.704	01.648	+3.37568638E+00	1.65114581E+00
4130.000	07.624	01.638	+3.33889688E+00	1.64056166E+00
4135.000	07.623	01.638	+3.33850385E+00	1.64044648E+00
4140.000	07.622	01.638	+3.33853961E+00	1.64044262E+00
4145.000	07.547	01.628	+3.30595367E+00	1.63101245E+00
4150.000	07.547	01.628	+3.30604434E+00	1.63103785E+00
4155.000	07.547	01.628	+3.30602049E+00	1.63102715E+00
4160.000	07.464	01.618	+3.27059244E+00	1.62071232E+00
4165.000	07.464	01.618	+3.27104984E+00	1.62071960E+00
4170.000	07.464	01.618	+3.27105995E+00	1.62085538E+00
4175.000	07.386	01.608	+3.23704014E+00	1.61089936E+00
4180.000	07.385	01.608	+3.23706018E+00	1.61091548E+00
4185.000	07.385	01.608	+3.23710310E+00	1.61091945E+00
4190.000	07.306	01.598	+3.20320780E+00	1.60095187E+00
4195.000	07.305	01.598	+3.20272144E+00	1.60082662E+00
4200.000	07.305	01.598	+3.20273603E+00	1.60081889E+00
4205.000	07.225	01.588	+3.16851528E+00	1.59072741E+00
4210.000	07.225	01.588	+3.16858087E+00	1.59074818E+00
4215.000	07.225	01.588	+3.16851094E+00	1.59071961E+00
4220.000	07.158	01.578	+3.13467822E+00	1.58075343E+00
4225.000	07.159	01.578	+3.13502388E+00	1.58079307E+00
4230.000	07.159	01.578	+3.13506929E+00	1.58088729E+00
4235.000	07.082	01.568	+3.10216884E+00	1.57107453E+00
4240.000	07.082	01.568	+3.10214593E+00	1.57105549E+00
4245.000	07.082	01.568	+3.10213628E+00	1.57107010E+00
4250.000	07.002	01.558	+3.06889643E+00	1.56105616E+00
4255.000	07.002	01.558	+3.06892891E+00	1.56108534E+00
4260.000	07.002	01.558	+3.06896012E+00	1.56110597E+00
4265.000	06.924	01.548	+3.03555597E+00	1.55104542E+00
4270.000	06.923	01.548	+3.03521412E+00	1.55095800E+00
4275.000	06.922	01.548	+3.03518727E+00	1.55093166E+00
4280.000	06.845	01.538	+3.00236524E+00	1.54097396E+00
4285.000	06.845	01.538	+3.00242840E+00	1.54099312E+00
4290.000	06.845	01.538	+3.00241500E+00	1.54097804E+00
4295.000	06.768	01.528	+2.97009067E+00	1.53116012E+00
4300.000	06.768	01.528	+2.97055260E+00	1.53131747E+00
4305.000	06.768	01.528	+2.97053501E+00	1.53130149E+00
4310.000	06.689	01.518	+2.93658029E+00	1.52090648E+00
4315.000	06.689	01.518	+2.93657800E+00	1.52089380E+00
4320.000	06.688	01.518	+2.93662381E+00	1.52092272E+00
4325.000	06.613	01.508	+2.90421057E+00	1.51097291E+00
4330.000	06.611	01.508	+2.90376511E+00	1.51080191E+00
4335.000	06.611	01.508	+2.90378753E+00	1.51081579E+00
4340.000	06.535	01.498	+2.87116155E+00	1.50073596E+00
4345.000	06.534	01.498	+2.87118382E+00	1.50073821E+00
4350.000	06.534	01.498	+2.87116213E+00	1.50073222E+00
4355.000	06.460	01.488	+2.83938188E+00	1.49086151E+00
4360.000	06.459	01.488	+2.83974901E+00	1.49097898E+00
4365.000	06.459	01.488	+2.83974622E+00	1.49097603E+00
4370.000	06.386	01.478	+2.80835408E+00	1.48115312E+00
4375.000	06.386	01.478	+2.80831132E+00	1.48113624E+00
4380.000	06.386	01.478	+2.80832468E+00	1.48114473E+00
4385.000	06.310	01.468	+2.77654096E+00	1.47118709E+00
4390.000	06.309	01.468	+2.77661474E+00	1.47120630E+00
4395.000	06.309	01.468	+2.77667740E+00	1.47123698E+00
4400.000	06.233	01.458	+2.74464483E+00	1.46113475E+00
4405.000	06.232	01.458	+2.74427823E+00	1.46104951E+00
4410.000	06.231	01.458	+2.74430723E+00	1.46101626E+00
4415.000	06.151	01.448	+2.71177188E+00	1.45068867E+00
4420.000	06.150	01.448	+2.71182454E+00	1.45068018E+00
4425.000	06.150	01.448	+2.71179685E+00	1.45069071E+00
4430.001	06.077	01.438	+2.68093818E+00	1.44084412E+00
4435.000	06.076	01.438	+2.68135900E+00	1.44100668E+00
4440.000	06.076	01.438	+2.68136180E+00	1.44098760E+00
4445.000	06.002	01.428	+2.65032187E+00	1.43104259E+00
4450.000	06.001	01.428	+2.65031518E+00	1.43103596E+00
4455.000	06.001	01.428	+2.65016899E+00	1.43100268E+00
4460.000	05.929	01.418	+2.61961542E+00	1.42114588E+00
4465.000	05.929	01.418	+2.61962387E+00	1.42114075E+00
4470.000	05.928	01.418	+2.61962652E+00	1.42113046E+00
4475.000	05.851	01.408	+2.58844686E+00	1.41104555E+00
4480.000	05.851	01.408	+2.58810794E+00	1.41100523E+00
4485.000	05.850	01.408	+2.58812684E+00	1.41092119E+00
4490.000	05.778	01.398	+2.55761038E+00	1.40100807E+00
4495.000	05.778	01.398	+2.55764891E+00	1.40101730E+00
4500.000	05.778	01.398	+2.55762793E+00	1.40098753E+00
4505.000	05.705	01.388	+2.52626539E+00	1.39071177E+00
4510.000	05.704	01.388	+2.52669726E+00	1.39086690E+00
4515.000	05.704	01.388	+2.52668693E+00	1.39084844E+00
4520.000	05.634	01.378	+2.49647834E+00	1.38088097E+00
4525.000	05.633	01.378	+2.49648527E+00	1.38089602E+00
4530.000	05.633	01.378	+2.49642010E+00	1.38087213E+00
4535.000	05.563	01.368	+2.46649330E+00	1.37096406E+00
4540.000	05.562	01.368	+2.46648314E+00	1.37096964E+00
4545.000	05.562	01.368	+2.46647134E+00	1.37096477E+00
4550.000	05.491	01.358	+2.43621388E+00	1.36088563E+00
4555.000	05.490	01.358	+2.43585137E+00	1.36074756E+00
4560.000	05.489	01.358	+2.43586103E+00	1.36075579E+00
4565.000	05.421	01.348	+2.40673993E+00	1.35098364E+00
4570.000	05.421	01.348	+2.40710877E+00	1.35110902E+00
4575.000	05.421	01.348	+2.40712785E+00	1.35112495E+00
4580.000	05.351	01.338	+2.37757514E+00	1.34115271E+00
4585.000	05.351	01.338	+2.37718128E+00	1.34102887E+00
4590.000	05.350	01.338	+2.37717045E+00	1.34103088E+00
4595.000	05.280	01.328	+2.34748030E+00	1.33096074E+00
4600.000	05.280	01.328	+2.34783236E+00	1.33105041E+00
4605.000	05.280	01.328	+2.34783757E+00	1.33108966E+00
4610.000	05.212	01.318	+2.31878607E+00	1.32119261E+00
4615.000	05.211	01.318	+2.31877099E+00	1.32120081E+00
4620.000	05.211	01.318	+2.31876042E+00	1.32116326E+00
4625.000	05.142	01.308	+2.28931815E+00	1.31110648E+00
4630.000	05.141	01.308	+2.28900174E+00	1.31096866E+00
4635.000	05.140	01.308	+2.28898131E+00	1.31095670E+00
4640.000	05.073	01.299	+2.26046346E+00	1.30114618E+00
4645.000	05.073	01.299	+2.26089651E+00	1.30129365E+00
4650.000	05.073	01.299	+2.26090691E+00	1.30129036E+00
4655.000	05.002	01.288	+2.23078947E+00	1.29084596E+00
4660.000	05.001	01.288	+2.23034966E+00	1.29071081E+00
4665.000	05.001	01.288	+2.23032734E+00	1.29069434E+00
4670.000	04.933	01.278	+2.20143621E+00	1.28060018E+00
4675.000	04.933	01.278	+2.20176691E+00	1.28067446E+00
4680.000	04.933	01.278	+2.20178667E+00	1.28074158E+00
4685.000	04.865	01.268	+2.17388204E+00	1.27095021E+00
4690.000	04.865	01.268	+2.17385094E+00	1.27094123E+00
4695.000	04.864	01.268	+2.17383068E+00	1.27091938E+00
4700.000	04.797	01.258	+2.14522007E+00	1.26083603E+00
4705.000	04.796	01.258	+2.14490337E+00	1.26072166E+00
4710.000	04.796	01.258	+2.14488642E+00	1.26073536E+00
4715.000	04.726	01.248	+2.11749552E+00	1.25100847E+00
4720.000	04.725	01.248	+2.11789940E+00	1.25113681E+00
4725.000	04.725	01.248	+2.11788841E+00	1.25112017E+00
4730.000	04.660	01.238	+2.08999048E+00	1.24117168E+00
4735.000	04.659	01.238	+2.08955767E+00	1.24107064E+00
4740.000	04.658	01.238	+2.08954096E+00	1.24101960E+00
4745.000	04.591	01.228	+2.06153181E+00	1.23093050E+00
4750.000	04.591	01.228	+2.06185214E+00	1.23107780E+00
4755.000	04.591	01.228	+2.06187629E+00	1.23106269E+00
4760.000	04.527	01.218	+2.03488721E+00	1.22132502E+00
4765.000	04.527	01.218	+2.03485889E+00	1.22129762E+00
4770.000	04.527	01.218	+2.03485342E+00	1.22131211E+00
4775.000	04.461	01.209	+2.00711089E+00	1.21121859E+00
4780.000	04.460	01.209	+2.00680223E+00	1.21109261E+00
4785.000	04.460	01.209	+2.00677063E+00	1.21110807E+00
4790.000	04.396	01.199	+1.97992326E+00	1.20128299E+00
4795.000	04.396	01.199	+1.98029577E+00	1.20139454E+00
4800.000	04.396	01.199	+1.98027330E+00	1.20140294E+00
4805.000	04.329	01.188	+1.95158669E+00	1.19083443E+00
4810.001	04.328	01.188	+1.95156665E+00	1.19083912E+00
4815.000	04.328	01.188	+1.95156412E+00	1.19083743E+00
4820.000	04.264	01.178	+1.92433377E+00	1.18075477E+00
4825.000	04.263	01.178	+1.92403016E+00	1.18065068E+00
4830.000	04.263	01.178	+1.92402076E+00	1.18063685E+00
4835.000	04.200	01.168	+1.89728467E+00	1.17066782E+00
4840.000	04.200	01.168	+1.89730555E+00	1.17067351E+00
4845.000	04.200	01.168	+1.89729548E+00	1.17067254E+00
4850.000	04.142	01.158	+1.87109440E+00	1.16087031E+00
4855.000	04.143	01.158	+1.87144024E+00	1.16097531E+00
4860.000	04.143	01.158	+1.87142947E+00	1.16098227E+00
4865.000	04.081	01.148	+1.84380535E+00	1.15055545E+00
4870.000	04.080	01.148	+1.84383524E+00	1.15057037E+00
4875.000	04.080	01.148	+1.84383535E+00	1.15057744E+00
4880.000	04.020	01.138	+1.81760687E+00	1.14060609E+00
4885.000	04.019	01.138	+1.81758677E+00	1.14060169E+00
4890.000	04.019	01.138	+1.81757620E+00	1.14060690E+00
4895.000	03.959	01.128	+1.79160218E+00	1.13068097E+00
4900.000	03.959	01.128	+1.79157795E+00	1.13067243E+00
4905.000	03.959	01.128	+1.79156124E+00	1.13065147E+00
4910.000	03.899	01.118	+1.76557222E+00	1.12068200E+00
4915.000	03.898	01.118	+1.76530181E+00	1.12057527E+00
4920.000	03.898	01.118	+1.76525878E+00	1.12055409E+00
4925.000	03.839	01.108	+1.73988136E+00	1.11074300E+00
4930.000	03.839	01.108	+1.74025163E+00	1.11081793E+00
4935.000	03.839	01.108	+1.74026634E+00	1.11086798E+00
4940.000	03.781	01.098	+1.71473240E+00	1.10094496E+00
4945.000	03.780	01.098	+1.71471794E+00	1.10094013E+00
4950.000	03.780	01.098	+1.71471789E+00	1.10093573E+00
4955.000	03.721	01.089	+1.68905647E+00	1.09088792E+00
4960.000	03.720	01.089	+1.68878403E+00	1.09077251E+00
4965.000	03.720	01.089	+1.68877031E+00	1.09077954E+00
4970.000	03.662	01.079	+1.66388418E+00	1.08096121E+00
4975.000	03.662	01.079	+1.66421369E+00	1.08109924E+00
4980.000	03.662	01.079	+1.66423878E+00	1.08110883E+00
4985.000	03.605	01.069	+1.63917755E+00	1.07114239E+00
4990.000	03.604	01.069	+1.63915549E+00	1.07113819E+00
4995.000	03.604	01.069	+1.63914739E+00	1.07113926E+00
5000.000	03.547	01.059	+1.61421689E+00	1.06120539E+00
5005.000	03.546	01.059	+1.61390544E+00	1.06107072E+00
5010.000	03.546	01.059	+1.61389155E+00	1.06107357E+00
5015.000	03.488	01.048	+1.58720835E+00	1.05040327E+00
5020.000	03.487	01.048	+1.58747981E+00	1.05051430E+00
5025.000	03.487	01.048	+1.58749872E+00	1.05052915E+00
5030.000	03.430	01.038	+1.56323704E+00	1.04071513E+00
5035.000	03.430	01.038	+1.56325111E+00	1.04071031E+00
5040.000	03.430	01.038	+1.56323637E+00	1.04071177E+00
5045.000	03.373	01.028	+1.53881114E+00	1.03075667E+00
5050.000	03.373	01.028	+1.53846731E+00	1.03061685E+00
5055.000	03.372	01.028	+1.53844524E+00	1.03059669E+00
5060.000	03.316	01.018	+1.51399528E+00	1.02058427E+00
5065.000	03.316	01.018	+1.51425064E+00	1.02070449E+00
5070.000	01.018	01.018	+1.51428168E+00	1.02069470E+00
5075.000	03.260	01.008	+1.49053015E+00	1.01090166E+00
5080.000	03.260	01.008	+1.49049401E+00	1.01089752E+00
5085.000	03.260	01.008	+1.49049027E+00	1.01088909E+00
5090.000	03.205	00.999	+1.46656314E+00	1.00095167E+00
5095.000	03.205	00.999	+1.46657893E+00	1.00093633E+00
5100.000	03.204	00.999	+1.46657131E+00	1.00095188E+00
5105.000	03.149	00.989	+1.44262752E+00	9.90926766E-01
5110.000	03.149	00.989	+1.44239261E+00	9.90841263E-01
5115.000	03.148	00.989	+1.44235635E+00	9.90824853E-01
5120.000	03.094	00.979	+1.41902633E+00	9.81010711E-01
5125.000	03.094	00.979	+1.41936256E+00	9.81078675E-01
5130.000	03.094	00.979	+1.41937827E+00	9.81156277E-01
5135.000	00.979	00.969	+1.39585756E+00	9.71182150E-01
5140.000	03.042	00.969	+1.39585293E+00	9.71177873E-01
5145.000	03.042	00.969	+1.39587170E+00	9.71202471E-01
5150.000	02.954	00.959	+1.37198351E+00	9.61089875E-01
5155.000	02.954	00.959	+1.37175809E+00	9.60972917E-01
5160.000	02.953	00.959	+1.37172029E+00	9.60960247E-01
5165.000	02.898	00.948	+1.34774571E+00	9.50670506E-01
5170.000	02.898	00.948	+1.34809280E+00	9.50838837E-01
5175.000	02.898	00.948	+1.34812159E+00	9.50827936E-01
5180.000	02.845	00.938	+1.32508286E+00	9.40872381E-01
5185.000	02.845	00.938	+1.32507228E+00	9.40865088E-01
5190.000	02.844	00.938	+1.32506633E+00	9.40852702E-01
5195.000	02.793	00.928	+1.30225296E+00	9.30928977E-01
5200.000	02.793	00.928	+1.30225515E+00	9.30920669E-01
5205.000	02.793	00.928	+1.30226406E+00	9.30922469E-01
5210.000	02.738	00.918	+1.27834293E+00	9.20456420E-01
5215.000	02.737	00.918	+1.27811023E+00	9.20333960E-01
5220.000	02.736	00.918	+1.27806938E+00	9.20341351E-01
5225.000	02.688	00.908	+1.25581214E+00	9.10514706E-01
5230.000	02.688	00.908	+1.25615908E+00	9.10675038E-01
5235.000	02.688	00.908	+1.25618435E+00	9.10684182E-01
5240.000	02.638	00.898	+1.23378170E+00	9.00705466E-01
5245.000	02.637	00.898	+1.23376310E+00	9.00698982E-01
5250.000	02.637	00.898	+1.23376946E+00	9.00713794E-01
5255.000	02.588	00.888	+1.21160963E+00	8.90776725E-01
5260.000	02.587	00.888	+1.21127321E+00	8.90713235E-01
5265.000	02.587	00.888	+1.21124351E+00	8.90628041E-01
5270.000	02.538	00.878	+1.18893453E+00	8.80572718E-01
5275.000	02.538	00.878	+1.18919146E+00	8.80696011E-01
5280.000	02.538	00.878	+1.18921495E+00	8.80710531E-01
5285.000	02.492	00.869	+1.16766763E+00	8.70924761E-01
5290.000	02.491	00.869	+1.16764232E+00	8.70917397E-01
5295.000	02.491	00.869	+1.16762303E+00	8.70905366E-01
5300.000	02.440	00.858	+1.14494154E+00	8.60530088E-01
5305.000	02.439	00.858	+1.14492583E+00	8.60522707E-01
5310.000	02.439	00.858	+1.14493077E+00	8.60533604E-01
5315.000	02.392	00.849	+1.12442488E+00	8.51105043E-01
5320.000	02.391	00.849	+1.12409425E+00	8.51011843E-01
5325.000	02.390	00.849	+1.12405529E+00	8.50948284E-01
5330.000	02.335	00.838	+1.10117479E+00	8.40330066E-01
5335.000	02.334	00.838	+1.10141180E+00	8.40468734E-01
5340.000	02.334	00.838	+1.10140928E+00	8.40456334E-01
5345.000	02.287	00.829	+1.08160458E+00	8.31220526E-01
5350.000	02.287	00.829	+1.08155972E+00	8.31184782E-01
5355.000	02.286	00.829	+1.08154351E+00	8.31181582E-01
5360.000	02.235	00.819	+1.05936740E+00	8.20784163E-01
5365.000	02.235	00.819	+1.05938052E+00	8.20768241E-01
5370.000	02.235	00.819	+1.05938272E+00	8.20791201E-01
5375.000	02.186	00.809	+1.03839950E+00	8.10852034E-01
5380.000	02.186	00.808	+1.03808278E+00	8.10719033E-01
5385.000	02.185	00.808	+1.03763562E+00	8.10699603E-01
5390.000	02.137	00.798	+1.01691935E+00	8.00615006E-01
5395.000	02.137	00.798	+1.01713592E+00	8.00735214E-01
5400.000	02.137	00.798	+1.01714937E+00	8.00734937E-01
5405.000	02.090	00.789	+9.96501548E-01	7.90821111E-01
5410.000	02.089	00.789	+9.96511728E-01	7.90824411E-01
5415.000	02.089	00.789	+9.96525313E-01	7.90823006E-01
5420.000	02.042	00.779	+9.75911953E-01	7.80855624E-01
5425.000	02.042	00.779	+9.75897838E-01	7.80864300E-01
5430.000	02.042	00.779	+9.75927396E-01	7.80851810E-01
5435.000	01.996	00.769	+9.55466410E-01	7.70891715E-01
5440.000	01.995	00.769	+9.55457993E-01	7.70902472E-01
5445.000	01.995	00.769	+9.55448706E-01	7.70894243E-01
5450.000	01.949	00.759	+9.34992166E-01	7.60862693E-01
5455.000	01.949	00.759	+9.34777800E-01	7.60726701E-01
5460.000	01.948	00.759	+9.34721702E-01	7.60741169E-01
5465.000	01.903	00.749	+9.14792858E-01	7.50880772E-01
5470.000	01.903	00.749	+9.15012066E-01	7.51019092E-01
5475.000	01.903	00.749	+9.15038815E-01	7.51019302E-01
5480.000	01.858	00.739	+8.95060353E-01	7.41065310E-01
5485.000	01.858	00.739	+8.95036225E-01	7.41035796E-01
5490.000	01.858	00.739	+8.95018745E-01	7.41042716E-01
5495.000	01.813	00.729	+8.75193373E-01	7.31122656E-01
5500.000	01.813	00.729	+8.75198887E-01	7.31092025E-01
5505.000	01.812	00.729	+8.75189988E-01	7.31107980E-01
5510.000	01.767	00.718	+8.54598964E-01	7.20700975E-01
5515.000	01.766	00.718	+8.54608927E-01	7.20717723E-01
5520.000	01.766	00.718	+8.54597081E-01	7.20721062E-01
5525.000	01.722	00.709	+8.35070371E-01	7.10774132E-01
5530.000	01.722	00.709	+8.34830766E-01	7.10616089E-01
5535.000	01.721	00.709	+8.34798047E-01	7.10627628E-01
5540.000	01.678	00.699	+8.15164664E-01	7.00563939E-01
5545.000	01.677	00.699	+8.15352168E-01	7.00683877E-01
5550.000	01.677	00.699	+8.15391970E-01	7.00699253E-01
5555.000	01.636	00.689	+7.96535861E-01	6.90954801E-01
5560.000	01.636	00.689	+7.96503588E-01	6.90929332E-01
5565.000	01.636	00.689	+7.96487040E-01	6.90935013E-01
5570.000	01.593	00.679	+7.77389406E-01	6.80976751E-01
5575.000	01.593	00.679	+7.77366437E-01	6.80979020E-01
5580.001	01.593	00.679	+7.77348154E-01	6.80985235E-01
5585.000	01.552	00.669	+7.58392707E-01	6.71041572E-01
5590.000	01.551	00.669	+7.58345651E-01	6.71023463E-01
5595.000	01.551	00.669	+7.58338763E-01	6.71034992E-01
5600.000	01.510	00.659	+7.39520573E-01	6.61076857E-01
5605.000	01.509	00.659	+7.39271655E-01	6.60929815E-01
5610.000	01.509	00.659	+7.39213448E-01	6.60941478E-01
5615.000	01.466	00.649	+7.19728739E-01	6.50544748E-01
5620.000	01.466	00.648	+7.19669547E-01	6.50549222E-01
5625.000	01.465	00.648	+7.19660870E-01	6.50533328E-01
5630.000	01.425	00.638	+7.00859851E-01	6.40428152E-01
5635.000	01.424	00.638	+7.00650906E-01	6.40367300E-01
5640.000	01.424	00.638	+7.00585652E-01	6.40333577E-01
5645.000	01.385	00.628	+6.82448905E-01	6.30483257E-01
5650.000	01.385	00.628	+6.82642200E-01	6.30672335E-01
5655.000	01.385	00.628	+6.82720816E-01	6.30689260E-01
5660.000	01.344	00.618	+6.63583676E-01	6.20220699E-01
5665.000	01.344	00.618	+6.63524525E-01	6.20241912E-01
5670.000	01.344	00.618	+6.63509253E-01	6.20239838E-01
5675.000	01.305	00.608	+6.45466806E-01	6.10296018E-01
5680.000	01.305	00.608	+6.45382252E-01	6.10291091E-01
5685.000	01.305	00.608	+6.45350259E-01	6.10256575E-01
5690.000	01.267	00.598	+6.27436227E-01	6.00308234E-01
5695.000	01.266	00.598	+6.27361783E-01	6.00350409E-01
5700.000	01.266	00.598	+6.27380566E-01	6.00352452E-01
5705.000	01.229	00.588	+6.09760715E-01	5.90482387E-01
5710.000	01.228	00.588	+6.09647071E-01	5.90493242E-01
5715.000	01.228	00.588	+6.09638564E-01	5.90485777E-01
5720.000	01.191	00.579	+5.91983562E-01	5.80523511E-01
5725.000	01.190	00.579	+5.91643325E-01	5.80364208E-01
5730.000	01.189	00.579	+5.91571002E-01	5.80362175E-01
5735.000	01.153	00.569	+5.73885931E-01	5.70304756E-01
5740.000	01.152	00.569	+5.73886692E-01	5.70411937E-01
5745.000	01.152	00.569	+5.73941830E-01	5.70403268E-01
5750.000	01.117	00.559	+5.57024892E-01	5.60693350E-01
5755.000	01.116	00.559	+5.56860507E-01	5.60699859E-01
5760.000	01.116	00.559	+5.56809767E-01	5.60685112E-01
5765.000	01.081	00.549	+5.39707629E-01	5.50751133E-01
5770.000	01.080	00.549	+5.39523684E-01	5.50761913E-01
5775.000	01.080	00.549	+5.39502632E-01	5.50731270E-01
5780.000	01.045	00.539	+5.22494345E-01	5.40799059E-01
5785.000	01.044	00.539	+5.22254941E-01	5.40794230E-01
5790.000	01.044	00.539	+5.22241212E-01	5.40796139E-01
5795.000	01.009	00.529	+5.05485054E-01	5.30897372E-01
5800.000	01.009	00.529	+5.05223141E-01	5.30908546E-01
5805.000	01.008	00.529	+5.05206616E-01	5.30902723E-01
5810.000	00.972	00.518	+4.87574695E-01	5.20352366E-01
5815.000	00.971	00.518	+4.87233292E-01	5.20336392E-01
5820.000	00.971	00.518	+4.87231050E-01	5.20345695E-01
5825.000	00.937	00.508	+4.70774124E-01	5.10422796E-01
5830.000	00.936	00.508	+4.70416705E-01	5.10407338E-01
5835.000	00.936	00.508	+4.70387476E-01	5.10405039E-01
5840.000	00.904	00.498	+4.54095553E-01	5.00464132E-01
5845.000	00.902	00.498	+4.53696103E-01	5.00462761E-01
5850.000	00.902	00.498	+4.53663595E-01	5.00485767E-01
5855.000	00.870	00.489	+4.37621135E-01	4.90559799E-01
5860.000	00.869	00.489	+4.36946815E-01	4.90370721E-01
5865.000	00.868	00.489	+4.36824520E-01	4.90379372E-01
5870.000	00.837	00.479	+4.20725835E-01	4.80317044E-01
5875.000	00.835	00.479	+4.20289815E-01	4.80434362E-01
5880.000	00.835	00.479	+4.20284365E-01	4.80422490E-01
5885.000	00.805	00.469	+4.04851313E-01	4.70655788E-01
5890.000	00.803	00.469	+4.04248350E-01	4.70647141E-01
5895.000	00.803	00.469	+4.04178475E-01	4.70651167E-01
5900.000	00.773	00.459	+3.88820664E-01	4.60816604E-01
5905.000	00.771	00.459	+3.88103625E-01	4.60803549E-01
5910.000	00.771	00.459	+3.88008167E-01	4.60800769E-01
5915.000	00.741	00.449	+3.72710771E-01	4.50815042E-01
5920.000	00.739	00.739	+3.71886166E-01	4.50829619E-01
5925.000	00.449	00.739	+3.71769629E-01	4.50841706E-01
5930.000	00.710	00.439	+3.56711298E-01	4.40867673E-01
5935.000	00.708	00.439	+3.55764848E-01	4.40899169E-01
5940.000	00.707	00.439	+3.55611862E-01	4.40869875E-01
5945.000	00.679	00.429	+3.40867833E-01	4.30933340E-01
5950.000	00.677	00.429	+3.39785507E-01	4.30939124E-01
5955.000	00.676	00.429	+3.39597052E-01	4.30927987E-01
5960.000	00.647	00.418	+3.24402893E-01	4.20490753E-01
5965.000	00.644	00.418	+3.23096341E-01	4.20500109E-01
5970.000	00.644	00.418	+3.22841474E-01	4.20489686E-01
5975.000	00.617	00.409	+3.08639066E-01	4.10552219E-01
5980.000	00.614	00.409	+3.07232497E-01	4.10571678E-01
5985.000	00.613	00.409	+3.06918625E-01	4.10546902E-01
5990.000	00.587	00.399	+2.93043639E-01	4.00616498E-01
5995.000	00.584	00.399	+2.91488147E-01	4.00628171E-01
6000.000	00.583	00.399	+2.91102061E-01	4.00624610E-01
6005.000	00.557	00.388	+2.77067750E-01	3.90331806E-01
6010.000	00.553	00.388	+2.75259047E-01	3.90326328E-01
6015.000	00.552	00.388	+2.74765263E-01	3.90326542E-01
6020.000	00.527	00.378	+2.61510927E-01	3.80351223E-01
6025.000	00.524	00.378	+2.59589124E-01	3.80362584E-01
6030.000	00.523	00.378	+2.59014048E-01	3.80386298E-01
6035.000	00.499	00.369	+2.46122613E-01	3.70425592E-01
6040.000	00.495	00.369	+2.44041366E-01	3.70421408E-01
6045.000	00.494	00.369	+2.43319870E-01	3.70416320E-01
6050.000	00.471	00.359	+2.30886427E-01	3.60494776E-01
6055.000	00.467	00.359	+2.28594470E-01	3.60497490E-01
6060.000	00.465	00.359	+2.27746080E-01	3.60506640E-01
6065.000	00.443	00.349	+2.15632685E-01	3.50564476E-01
6070.000	00.439	00.349	+2.13159228E-01	3.50541951E-01
6075.000	00.437	00.349	+2.12093719E-01	3.50525721E-01
6080.000	00.415	00.339	+2.00497224E-01	3.40610767E-01
6085.000	00.411	00.339	+1.97783764E-01	3.40607363E-01
6090.000	00.408	00.339	+1.96555276E-01	3.40623465E-01
6095.000	00.388	00.329	+1.85352649E-01	3.30677173E-01
6100.000	00.383	00.329	+1.82505893E-01	3.30682324E-01
6105.000	00.381	00.329	+1.81068750E-01	3.30682697E-01
6110.000	00.361	00.319	+1.70433912E-01	3.20789666E-01
6115.000	00.357	00.319	+1.67466064E-01	3.20806967E-01
6120.000	00.354	00.319	+1.65807305E-01	3.20802140E-01
6125.000	00.334	00.309	+1.55165863E-01	3.10353168E-01
6130.000	00.329	00.309	+1.51939065E-01	3.10336252E-01
6135.000	00.326	00.309	+1.50075478E-01	3.10333839E-01
6140.000	00.308	00.299	+1.40458492E-01	3.00391186E-01
6145.000	00.303	00.299	+1.37359229E-01	3.00360715E-01
6150.000	00.300	00.299	+1.35428786E-01	3.00406305E-01
6155.000	00.283	00.289	+1.26451689E-01	2.90511202E-01
6160.000	00.278	00.289	+1.23453778E-01	2.90503836E-01
6165.000	00.275	00.289	+1.21515438E-01	2.90507523E-01
6170.000	00.259	00.279	+1.13219795E-01	2.80556491E-01
6175.000	00.255	00.279	+1.10375193E-01	2.80556348E-01
6180.000	00.252	00.279	+1.08488762E-01	2.80537957E-01
6185.000	00.237	00.269	+1.00939001E-01	2.70584359E-01
6190.000	00.233	00.269	+9.83609039E-02	2.70577114E-01
6195.000	00.230	00.269	+9.66671632E-02	2.70578363E-01
6200.000	00.217	00.259	+8.98418922E-02	2.60546760E-01
6205.001	00.213	00.259	+8.75686046E-02	2.60543305E-01
6210.000	00.211	00.259	+8.60917010E-02	2.60578735E-01
6215.000	00.198	00.249	+8.00617916E-02	2.50593999E-01
6220.000	00.195	00.249	+7.81703249E-02	2.50592494E-01
6225.000	00.193	00.249	+7.69246993E-02	2.50588803E-01
6230.000	00.182	00.239	+7.15941939E-02	2.40662621E-01
6235.000	00.179	00.239	+7.00158180E-02	2.40636690E-01
6240.000	00.178	00.239	+6.90337639E-02	2.40621919E-01
6245.000	00.167	00.229	+6.42754729E-02	2.30650904E-01
6250.000	00.165	00.229	+6.29965706E-02	2.30687773E-01
6255.000	00.164	00.229	+6.22201234E-02	2.30677882E-01
6260.000	00.154	00.219	+5.79830607E-02	2.20753616E-01
6265.000	00.153	00.219	+5.69537679E-02	2.20749829E-01
6270.000	00.152	00.219	+5.63288375E-02	2.20749203E-01
6275.000	00.142	00.209	+5.24980523E-02	2.10817299E-01
6280.000	00.141	00.209	+5.16641077E-02	2.10847751E-01
6285.000	00.140	00.209	+5.11787675E-02	2.10840042E-01
6290.000	00.132	00.199	+4.76849147E-02	2.00896628E-01
6295.000	00.131	00.199	+4.70068748E-02	2.00885734E-01
6300.000	00.130	00.199	+4.66116818E-02	2.00890970E-01
6305.000	00.122	00.189	+4.32702756E-02	1.90522206E-01
6310.000	00.121	00.189	+4.27036567E-02	1.90502157E-01
6315.000	00.120	00.189	+4.23807304E-02	1.90516541E-01
6320.000	00.112	00.179	+3.94096465E-02	1.80538815E-01
6325.000	00.112	00.179	+3.89541387E-02	1.80540725E-01
6330.000	00.111	00.179	+3.87012446E-02	1.80547493E-01
6335.000	00.104	00.169	+3.59434078E-02	1.70597317E-01
6340.000	00.104	00.169	+3.55740154E-02	1.70595576E-01
6345.000	00.103	00.169	+3.53679042E-02	1.70587225E-01
6350.000	00.096	00.159	+3.27989412E-02	1.60727549E-01
6355.000	00.096	00.159	+3.24965531E-02	1.60723446E-01
6360.000	00.095	00.159	+3.23315347E-02	1.60717101E-01
6365.000	00.089	00.149	+2.98850818E-02	1.50748169E-01
6370.000	00.088	00.149	+2.96401957E-02	1.50771873E-01
6375.000	00.088	00.149	+2.95075356E-02	1.50751673E-01
6380.000	00.082	00.139	+2.71888205E-02	1.40811512E-01
6385.000	00.081	00.139	+2.69874883E-02	1.40808527E-01
6390.000	00.081	00.139	+2.68794121E-02	1.40828736E-01
6395.000	00.075	00.129	+2.46745144E-02	1.30870849E-01
6400.000	00.075	00.129	+2.45070324E-02	1.30863943E-01
6405.000	00.075	00.129	+2.42605780E-02	1.30871867E-01
6410.000	00.068	00.118	+2.21943107E-02	1.20343254E-01
6415.000	00.068	00.118	+2.20509523E-02	1.20355284E-01
6420.000	00.068	00.118	+2.19785468E-02	1.20359812E-01
6425.000	00.061	00.109	+1.99544130E-02	1.10417526E-01
6430.000	00.061	00.109	+1.98445280E-02	1.10391104E-01
6435.000	00.061	00.109	+1.97865957E-02	1.10405435E-01
6440.000	00.055	00.099	+1.78500369E-02	1.00499095E-01
6445.000	00.055	00.099	+1.77612406E-02	1.00519090E-01
6450.000	00.055	00.099	+1.77180106E-02	1.00510493E-01
6455.000	00.049	00.088	+1.57462321E-02	9.00875412E-02
6460.000	00.049	00.088	+1.56751289E-02	9.00862045E-02
6465.000	00.049	00.088	+1.56383710E-02	9.00859734E-02
6470.000	00.043	00.078	+1.38135524E-02	8.01223294E-02
6475.000	00.043	00.078	+1.37595177E-02	8.01438457E-02
6480.000	00.043	00.078	+1.37309761E-02	8.01437195E-02
6485.000	00.037	00.069	+1.19551148E-02	7.02130160E-02
6490.000	00.037	00.069	+1.19148826E-02	7.02117232E-02
6495.000	00.037	00.069	+1.18962156E-02	7.02369516E-02
6500.000	00.032	00.059	+1.01712431E-02	6.03885867E-02
6505.000	00.031	00.059	+1.01387853E-02	6.03731458E-02
6510.000	00.031	00.059	+1.01248649E-02	6.03789804E-02
6515.000	00.026	00.049	+8.42268136E-03	5.04813074E-02
6520.000	00.026	00.049	+8.40229347E-03	5.04547482E-02
6525.000	00.026	00.049	+8.39142871E-03	5.04604971E-02
6530.000	00.021	00.039	+6.70950581E-03	4.05271646E-02
6535.000	00.021	00.039	+6.69762096E-03	4.05067754E-02
6540.000	00.021	00.039	+6.68957359E-03	4.05390831E-02
6545.000	00.015	00.029	+5.04123729E-03	3.06182334E-02
6550.000	00.015	00.029	+5.03140188E-03	3.06157475E-02
6555.000	00.015	00.029	+5.02787667E-03	3.06249262E-02
6560.000	00.009	00.019	+3.31965352E-03	2.02737998E-02
6565.000	00.009	00.019	+3.31648685E-03	2.02762405E-02
6570.000	00.009	00.019	+3.31487923E-03	2.02946064E-02
6575.000	00.005	00.009	+1.69642389E-03	1.03967198E-02
6580.000	00.005	00.009	+1.69446930E-03	1.04046030E-02
6585.000	00.005	00.009	+1.69494812E-03	1.03954262E-02
6590.000	00.000	00.000	+8.68625287E-05	5.53948115E-04
6595.000	00.000	00.000	+8.69874376E-05	5.65492421E-04
