18:47:36	-4.86993416e-10A
18:47:37	5.04328255e-10A
18:47:38	-1.47646604e-09A
18:47:39	-2.02540261e-09A
18:47:40	-1.77023378e-09A
18:47:41	-2.51609413e-09A
18:47:42	-8.37388299e-10A
18:47:43	-2.37672202e-09A
18:47:44	-2.64575872e-09A
18:47:45	-2.62911728e-09A
18:47:46	-2.23157163e-09A
18:47:47	-1.98472352e-09A
18:47:48	-1.31467421e-09A
18:47:49	-1.38886732e-09A
18:47:50	-1.78063468e-09A
18:47:51	-1.19818409e-09A
18:47:52	-2.14651536e-09A
18:47:53	-3.91536235e-10A
18:47:54	-2.81286657e-10A
18:47:55	-1.09417505e-09A
18:47:56	-1.72678112e-09A
18:47:57	-1.15218898e-09A
18:47:58	-2.40792473e-09A
18:47:59	-2.71371129e-09A
18:48:00	-1.41221157e-09A
18:48:01	-1.14779749e-09A
18:48:02	-1.88579937e-09A
18:48:03	-1.3798532e-09A
18:48:04	-8.69746666e-10A
18:48:05	-3.58946737e-10A
18:48:06	-9.27298332e-10A
18:48:07	-2.68181519e-09A
18:48:08	-1.16235875e-09A
18:48:09	8.08728032e-10A
18:48:10	-3.37220405e-10A
18:48:11	-4.0216827e-10A
18:48:12	-2.03603465e-09A
18:48:13	-1.03246302e-09A
18:48:14	-2.0445865e-09A
18:48:15	-8.84539062e-10A
18:48:16	-9.44633171e-10A
18:48:17	-4.0424845e-10A
18:48:18	4.55328443e-10A
18:48:19	-1.19263694e-09A
18:48:20	-7.54181071e-10A
18:48:21	-3.19169059e-09A
18:48:22	-1.31120724e-09A
18:48:23	-9.25218151e-10A
18:48:24	-1.84928065e-09A
18:48:25	-1.2471839e-09A
18:48:26	-4.71276495e-10A
18:48:27	-1.38239564e-09A
18:48:28	-2.07370903e-09A
18:48:29	-1.91792661e-09A
18:48:30	-1.52685264e-09A
18:48:31	7.7336496e-10A
18:48:32	-1.91237946e-09A
18:48:33	-1.20118879e-09A
18:48:34	-1.59203163e-09A
18:48:35	5.87766615e-10A
18:48:36	-1.55666856e-09A
18:48:37	-8.81996619e-10A
18:48:38	-1.48478676e-09A
18:48:39	-5.18196127e-10A
18:48:40	-1.37037682e-09A
18:48:41	-3.68191985e-10A
18:48:42	-7.55336727e-10A
18:48:43	-1.12352871e-09A
18:48:44	-1.42977754e-09A
18:48:45	-1.23863204e-09A
18:48:46	-1.70181895e-09A
18:48:47	8.68822141e-10A
18:48:48	-5.77827973e-10A
18:48:49	-6.48554117e-10A
18:48:50	-1.23192924e-09A
18:48:51	-7.19973655e-10A
18:48:52	5.20045176e-11A
18:48:53	-9.38161498e-10A
18:48:54	-1.36066931e-09A
18:48:55	-2.21654811e-10A
18:48:56	-6.13422177e-10A
18:48:57	1.87216263e-10A
18:48:58	-4.96932057e-11A
18:48:59	-8.52642958e-10A
18:49:00	-7.48633922e-10A
18:49:01	-1.57053643e-09A
18:49:02	-1.95051611e-09A
18:49:03	-1.18801431e-09A
18:49:04	9.22213446e-11A
18:49:05	-1.87077585e-09A
18:49:06	8.03412014e-10A
18:49:07	-2.3892031e-09A
18:49:08	-4.86068891e-10A
18:49:09	-5.01554681e-10A
18:49:10	-3.29130814e-10A
18:49:11	-8.57958975e-10A
18:49:12	-1.56152232e-09A
18:49:13	-1.04656203e-09A
18:49:14	-1.00310936e-10A
18:49:15	-1.39695691e-09A
18:49:16	-1.01073669e-09A
18:49:17	-8.22827034e-11A
18:49:18	4.32215324e-10A
18:49:19	-2.11300133e-09A
18:49:20	-1.0819251e-09A
18:49:21	-1.6562861e-09A
18:49:22	-1.12722681e-09A
18:49:23	-1.18154264e-09A
18:49:24	6.05563716e-11A
18:49:25	-7.88157356e-10A
18:49:26	-1.33478262e-09A
18:49:27	-1.11058537e-09A
18:49:28	-3.38399174e-09A
18:49:29	-3.29824207e-10A
18:49:30	8.48251465e-10A
18:49:31	-1.8541344e-09A
18:49:32	-1.64334276e-09A
18:49:33	-6.45549412e-10A
18:49:34	-9.98949001e-10A
18:49:35	-3.02781858e-10A
18:49:36	5.59337478e-11A
18:49:37	-1.264981e-09A
18:49:38	-7.15582162e-10A
18:49:39	-1.50073481e-09A
18:49:40	1.437636e-10A
18:49:41	-1.32114588e-09A
18:49:42	-1.97732733e-09A
18:49:43	2.69498967e-10A
18:49:44	-1.15611821e-09A
18:49:45	-2.12178432e-10A
18:49:46	-9.52722763e-10A
18:49:47	-2.79668739e-10A
18:49:48	-8.42704317e-10A
18:49:49	-5.70662907e-10A
18:49:50	-7.28525509e-10A
18:49:51	-8.39006217e-10A
18:49:52	-1.60497498e-09A
18:49:53	-4.32446455e-10A
18:49:54	-1.27191494e-09A
18:49:55	7.45860348e-10A
18:49:56	-1.71430003e-09A
18:49:57	-4.26899307e-10A
18:49:58	-7.98327128e-10A
18:49:59	-8.76218339e-10A
18:50:00	-4.24356864e-10A
18:50:01	2.26739697e-10A
18:50:02	-1.80813929e-09A
18:50:03	-6.77907778e-10A
18:50:04	-7.29912296e-10A
18:50:05	-3.37220405e-10A
18:50:06	4.79828349e-10A
18:50:07	-3.77206101e-10A
18:50:08	6.67969137e-10A
18:50:09	-4.53017131e-11A
18:50:10	-9.96406557e-10A
18:50:11	-1.76584229e-10A
18:50:12	-3.2450819e-10A
18:50:13	-1.00657633e-09A
18:50:14	4.16036141e-11A
18:50:15	-1.60751742e-09A
18:50:16	-1.32669303e-09A
18:50:17	6.13653308e-10A
18:50:18	-9.09270099e-10A
18:50:19	-7.18124605e-10A
18:50:20	-9.00024851e-10A
18:50:21	-5.46394132e-10A
18:50:22	-7.7544514e-10A
18:50:23	-3.40225111e-10A
18:50:24	-1.43278224e-09A
18:50:25	-1.06366573e-09A
18:50:26	-1.56152232e-09A
18:50:27	1.15981631e-09A
18:50:28	-1.65790402e-09A
18:50:29	-1.35558443e-09A
18:50:30	4.96700926e-10A
18:50:31	-1.33432036e-09A
18:50:32	-2.29212801e-09A
18:50:33	8.2976097e-10A
18:50:34	1.88371919e-10A
18:50:35	2.72596125e-09A
18:50:36	7.48865054e-11A
18:50:37	-2.67649917e-10A
18:50:38	7.66893286e-10A
18:50:39	-9.70057602e-10A
18:50:40	1.04471298e-10A
18:50:41	1.516914e-09A
18:50:42	5.33913047e-10A
18:50:43	1.35974479e-09A
18:50:44	-2.78975346e-10A
18:50:45	-1.27908e-09A
18:50:46	-3.3814493e-10A
18:50:47	-2.11022776e-10A
18:50:48	9.27760594e-10A
18:50:49	6.62421989e-10A
18:50:50	2.59791457e-10A
18:50:51	2.95847922e-11A
18:50:52	1.00542067e-09A
18:50:53	2.33442501e-09A
18:50:54	-6.70280449e-12A
18:50:55	-2.14952006e-11A
18:50:56	-2.59098063e-10A
18:50:57	3.62182574e-10A
18:50:58	1.07730247e-09A
18:50:59	5.30214948e-10A
18:51:00	-1.24117449e-09A
18:51:01	-4.08639943e-10A
18:51:02	9.59656698e-10A
18:51:03	1.75729043e-09A
18:51:04	-1.20950951e-09A
18:51:05	4.44696408e-10A
18:51:06	1.00726972e-09A
18:51:07	8.73675896e-11A
18:51:08	-1.33547601e-09A
18:51:09	2.11485038e-10A
18:51:10	-2.20499155e-10A
18:51:11	6.78601172e-10A
18:51:12	1.46306043e-10A
18:51:13	-6.62190858e-10A
18:51:14	6.18275932e-10A
18:51:15	-1.185703e-09A
18:51:16	1.01697723e-11A
18:51:17	1.80513459e-10A
18:51:18	-5.46394132e-10A
18:51:19	-1.14710409e-09A
18:51:20	-9.80689637e-10A
18:51:21	-2.92380955e-10A
18:51:22	1.18177377e-09A
18:51:23	-2.86602675e-11A
18:51:24	-1.9223181e-09A
18:51:25	-3.87607005e-10A
18:51:26	-9.33076612e-10A
18:51:27	1.84904952e-10A
18:51:28	-3.79979675e-10A
18:51:29	-1.18801431e-09A
18:51:30	-2.02470922e-10A
18:51:31	7.55336727e-10A
18:51:32	-6.07643897e-10A
18:51:33	-3.35602487e-10A
18:51:34	-5.32757392e-10A
18:51:35	-6.44856018e-11A
18:51:36	-2.54706571e-10A
18:51:37	5.36455491e-10A
18:51:38	9.58732174e-10A
18:51:39	-2.2535291e-10A
18:51:40	-1.46051799e-09A
18:51:41	5.84761909e-11A
18:51:42	4.3522003e-10A
18:51:43	8.26062871e-10A
18:51:44	-8.73213634e-10A
18:51:45	-1.0419394e-09A
18:51:46	-1.23632073e-09A
18:51:47	-2.53088652e-10A
18:51:48	-2.35984944e-10A
18:51:49	-9.59194436e-11A
18:51:50	9.13199329e-10A
18:51:51	-1.02391117e-09A
18:51:52	1.41313609e-09A
18:51:53	9.47637877e-11A
18:51:54	5.20045176e-11A
18:51:55	6.35610771e-10A
18:51:56	-4.79366087e-10A
18:51:57	-2.33442501e-11A
18:51:58	-1.6317862e-10A
18:51:59	-2.6048485e-10A
18:52:00	3.22196878e-10A
18:52:01	-1.6132957e-10A
18:52:02	-7.69666861e-11A
18:52:03	1.08631659e-10A
18:52:04	2.09173726e-10A
18:52:05	-9.94095246e-10A
18:52:06	-1.57469679e-09A
18:52:07	8.85232455e-10A
18:52:08	1.86985132e-10A
18:52:09	-2.57711276e-10A
18:52:10	-1.185703e-10A
18:52:11	-1.01073669e-09A
18:52:12	1.22268399e-10A
18:52:13	-1.21575006e-09A
18:52:14	8.26062871e-10A
18:52:15	5.62342184e-10A
18:52:16	-2.07856279e-09A
18:52:17	-1.91885113e-09A
18:52:18	-5.21894226e-10A
18:52:19	1.02922719e-09A
18:52:20	3.8483343e-10A
18:52:21	1.09787315e-10A
18:52:22	-5.98629781e-11A
18:52:23	-1.29040543e-09A
18:52:24	6.03483535e-10A
18:52:25	-5.4223377e-10A
18:52:26	-4.8976699e-10A
18:52:27	-6.58492759e-10A
18:52:28	-5.95625075e-10A
18:52:29	5.10799929e-11A
18:52:30	1.28971204e-10A
18:52:31	-3.60564655e-10A
18:52:32	8.59114631e-10A
18:52:33	-1.89828046e-09A
18:52:34	-1.22707548e-09A
18:52:35	3.72121215e-11A
18:52:36	-2.85909281e-10A
18:52:37	7.63426319e-10A
18:52:38	4.21121027e-10A
18:52:39	-2.88682856e-10A
18:52:40	-6.54101266e-11A
18:52:41	-4.62262379e-13A
18:52:42	5.4408282e-10A
18:52:43	-4.00088089e-10A
18:52:44	1.17507097e-09A
18:52:45	-2.02702053e-10A
18:52:46	-7.38233019e-10A
18:52:47	4.66885003e-10A
18:52:48	-4.15111616e-10A
18:52:49	-4.66885003e-10A
18:52:50	-2.43150011e-10A
18:52:51	-2.85447019e-10A
18:52:52	6.26134392e-10A
18:52:53	-4.59719936e-10A
18:52:54	1.13716545e-09A
18:52:55	-7.56723514e-10A
18:52:56	2.90994167e-10A
18:52:57	-2.30437796e-10A
18:52:58	2.21654811e-10A
18:52:59	-1.07915152e-09A
18:53:00	1.1746087e-09A
18:53:01	-1.14409939e-10A
18:53:02	-1.04217053e-09A
18:53:03	-4.92540565e-10A
18:53:04	2.60346172e-09A
18:53:05	-1.11705704e-09A
18:53:06	-8.95171097e-10A
18:53:07	3.55479769e-10A
18:53:08	-1.89527575e-10A
18:53:09	-4.43771884e-10A
18:53:10	-1.49010278e-09A
18:53:11	-2.44536798e-10A
18:53:12	-1.54603653e-09A
18:53:13	-1.31444307e-09A
18:53:14	-4.89998122e-10A
18:53:15	-4.7613025e-11A
18:53:16	4.26899307e-10A
18:53:17	8.59808025e-11A
18:53:18	7.46322611e-10A
18:53:19	-4.99936763e-10A
18:53:20	3.62875967e-10A
18:53:21	-1.28092905e-09A
18:53:22	-2.11485038e-10A
18:53:23	4.42847359e-10A
18:53:24	1.55643743e-09A
18:53:25	-1.35743348e-09A
18:53:26	-7.73133829e-10A
18:53:27	-2.29051009e-10A
18:53:28	-4.53017131e-10A
18:53:29	-7.74520616e-10A
18:53:30	-6.20124981e-10A
18:53:31	2.22117073e-10A
18:53:32	-6.64964432e-10A
18:53:33	-1.29895728e-09A
18:53:34	-1.25666028e-09A
18:53:35	-1.08030718e-09A
18:53:36	9.22444577e-10A
18:53:37	5.57026166e-11A
18:53:38	-8.12657262e-10A
18:53:39	-6.02790142e-10A
18:53:40	2.70654623e-10A
18:53:41	-2.20106232e-09A
18:53:42	-6.98478454e-10A
18:53:43	-2.24197254e-11A
18:53:44	-2.2350386e-10A
18:53:45	3.5363072e-11A
18:53:46	-4.3730021e-10A
18:53:47	2.25121778e-10A
18:53:48	-1.36321176e-09A
18:53:49	-2.96772447e-10A
18:53:50	-8.08959163e-12A
18:53:51	-1.01697723e-11A
18:53:52	1.43532469e-10A
18:53:53	2.15183137e-10A
18:53:54	9.52953894e-10A
18:53:55	-4.91847171e-10A
18:53:56	-5.78290236e-10A
18:53:57	-1.40758894e-10A
18:53:58	-5.89846795e-10A
18:53:59	-3.09715794e-10A
18:54:00	-9.41859597e-10A
18:54:01	1.0849298e-09A
18:54:02	-4.28286094e-10A
18:54:03	-1.50119708e-09A
18:54:04	-1.89758706e-09A
18:54:05	-1.14409939e-09A
18:54:06	-4.46083196e-11A
18:54:07	4.41460572e-10A
18:54:08	1.45890007e-09A
18:54:09	-2.63258425e-10A
18:54:10	-9.77684931e-10A
18:54:11	-2.02609601e-09A
18:54:12	7.92317717e-10A
18:54:13	-4.25743651e-10A
18:54:14	-1.36298062e-09A
18:54:15	-1.5599044e-09A
18:54:16	-1.20812273e-09A
18:54:17	-1.23655186e-10A
18:54:18	-1.20650481e-10A
18:54:19	-1.02945832e-09A
18:54:20	-2.07763826e-09A
18:54:21	1.31051384e-10A
18:54:22	1.49079617e-10A
18:54:23	-3.35833618e-10A
18:54:24	-1.10942971e-11A
18:54:25	9.03722951e-10A
18:54:26	7.72440435e-10A
18:54:27	-1.54256956e-09A
18:54:28	-1.06019877e-09A
18:54:29	-8.45709022e-10A
18:54:30	-3.41843029e-10A
18:54:31	-1.00726972e-09A
18:54:32	-1.01143008e-09A
18:54:33	4.34295505e-10A
18:54:34	-5.11724453e-10A
18:54:35	-1.38170225e-09A
18:54:36	9.522605e-10A
18:54:37	-2.50315078e-10A
18:54:38	9.66128372e-11A
18:54:39	8.80609832e-11A
18:54:40	1.1138212e-09A
18:54:41	-1.49218296e-09A
18:54:42	-1.13554753e-09A
18:54:43	-4.71969889e-10A
18:54:44	5.02016943e-10A
18:54:45	1.01882628e-09A
18:54:46	-4.20196502e-10A
18:54:47	-1.01905741e-09A
18:54:48	4.07946549e-10A
18:54:49	-1.21736797e-09A
18:54:50	1.27260833e-09A
18:54:51	-8.48251465e-11A
18:54:52	7.48865054e-11A
18:54:53	-1.47369246e-09A
18:54:54	1.76353098e-10A
18:54:55	-1.16836816e-09A
18:54:56	-1.44641898e-09A
18:54:57	-4.4307849e-10A
18:54:58	-9.46482221e-10A
18:54:59	7.40775462e-10A
18:55:00	-5.74592137e-10A
18:55:01	-4.08871074e-10A
18:55:02	-8.46402416e-10A
18:55:03	8.34845856e-10A
18:55:04	-1.35119293e-09A
18:55:05	6.8021909e-10A
18:55:06	6.46936199e-10A
18:55:07	-1.30774027e-09A
18:55:08	8.29298708e-10A
18:55:09	-9.75835882e-10A
18:55:10	8.96789015e-11A
18:55:11	-7.65506499e-10A
18:55:12	-1.92878978e-09A
18:55:13	-1.4369426e-09A
18:55:14	-1.54857897e-10A
18:55:15	-1.09509958e-09A
18:55:16	-1.29179222e-09A
18:55:17	-1.35073067e-09A
18:55:18	-4.62955772e-10A
18:55:19	-1.26313195e-09A
18:55:20	-2.07740713e-09A
18:55:21	-1.22800001e-09A
18:55:22	-9.4255299e-10A
18:55:23	-8.77373995e-10A
18:55:24	-1.41382949e-09A
18:55:25	2.24428385e-10A
18:55:26	-8.2583174e-10A
18:55:27	-1.63640882e-09A
18:55:28	-1.12537776e-09A
18:55:29	-1.02945832e-09A
18:55:30	4.59951067e-11A
18:55:31	-6.02096748e-10A
18:55:32	-1.14710409e-09A
18:55:33	-3.88531529e-10A
18:55:34	-1.17021721e-09A
18:55:35	-1.54164503e-10A
18:55:36	-1.27468851e-09A
18:55:37	-2.18049164e-09A
18:55:38	-7.34303789e-10A
18:55:39	9.77222669e-10A
18:55:40	-1.51113572e-09A
18:55:41	1.12098627e-10A
18:55:42	-4.98087713e-10A
18:55:43	-5.57488429e-10A
18:55:44	2.00621872e-10A
18:55:45	-2.80939961e-09A
18:55:46	-1.4228436e-09A
18:55:47	-1.93872842e-09A
18:55:48	-1.72631885e-09A
18:55:49	3.27281764e-10A
18:55:50	-3.86220217e-10A
18:55:51	1.14872201e-10A
18:55:52	-3.56866556e-10A
18:55:53	-1.45705102e-09A
18:55:54	-1.16721251e-09A
18:55:55	-3.74663658e-10A
18:55:56	-1.0493356e-10A
18:55:57	-6.8021909e-10A
18:55:58	-1.34633918e-09A
18:55:59	-1.3657542e-09A
18:56:00	-1.24117449e-09A
18:56:01	-2.14559083e-09A
18:56:02	1.57169209e-11A
18:56:03	7.4424243e-10A
18:56:04	-1.76422437e-09A
18:56:05	-6.79525697e-11A
18:56:06	-1.40458424e-09A
18:56:07	-1.85505893e-09A
18:56:08	2.93767742e-10A
18:56:09	-2.1631568e-09A
18:56:10	-1.54441861e-09A
18:56:11	-8.1612423e-10A
18:56:12	5.77827973e-12A
18:56:13	-1.72839903e-09A
18:56:14	-1.61260231e-09A
18:56:15	6.67275744e-10A
18:56:16	-2.00390741e-10A
18:56:17	-3.81597594e-10A
18:56:18	-1.01327913e-09A
18:56:19	-3.39069455e-10A
18:56:20	-6.38615476e-10A
18:56:21	6.72591761e-11A
18:56:22	-9.24524758e-12A
18:56:23	-8.00869571e-10A
18:56:24	6.51096561e-10A
18:56:25	-1.75890835e-10A
18:56:26	2.20036892e-10A
18:56:27	5.61186528e-10A
18:56:28	-3.81828725e-10A
18:56:29	-9.79996243e-11A
18:56:30	-8.42010923e-10A
18:56:31	-8.36001512e-10A
18:56:32	2.73890459e-10A
18:56:33	-1.45057934e-09A
18:56:34	-8.89855079e-10A
18:56:35	-1.55505064e-09A
18:56:36	-2.00644986e-09A
18:56:37	-1.07707134e-10A
18:56:38	-3.46696784e-11A
18:56:39	-2.21885942e-10A
18:56:40	-1.11405233e-10A
18:56:41	-1.38447582e-10A
18:56:42	-1.98541692e-10A
18:56:43	-3.97314515e-10A
18:56:44	-1.43902279e-09A
18:56:45	-1.01697723e-10A
18:56:46	-1.33339583e-09A
18:56:47	-5.713563e-10A
18:56:48	-1.15958518e-09A
18:56:49	-2.94230004e-10A
18:56:50	2.47772635e-10A
18:56:51	-5.4015359e-10A
18:56:52	-1.31513647e-10A
18:56:53	-2.5655562e-10A
18:56:54	-1.00334049e-09A
18:56:55	-1.74041786e-10A
18:56:56	-1.15588708e-09A
18:56:57	-4.92771696e-10A
18:56:58	-4.80752874e-10A
18:56:59	-1.70343687e-10A
18:57:00	-1.72955469e-09A
18:57:01	-1.81299305e-09A
18:57:02	-7.95784685e-10A
18:57:03	-8.97251277e-10A
18:57:04	3.91998497e-10A
18:57:05	-8.89392817e-10A
18:57:06	-1.28532054e-09A
18:57:07	-2.40931152e-09A
18:57:08	-5.4801205e-10A
18:57:09	-2.41624545e-09A
18:57:10	8.48251465e-11A
18:57:11	-2.84291363e-10A
18:57:12	-8.13581787e-11A
18:57:13	-9.09963493e-10A
18:57:14	-9.30996431e-10A
18:57:15	-2.50869793e-09A
18:57:16	-1.60405045e-10A
18:57:17	-1.3190657e-09A
18:57:18	-1.45797554e-09A
18:57:19	-7.24134016e-10A
18:57:20	-8.61194812e-10A
18:57:21	-5.8291286e-10A
18:57:22	-7.4424243e-11A
18:57:23	-1.32623076e-09A
18:57:24	3.04399776e-10A
18:57:25	-1.35257972e-09A
18:57:26	-8.07803507e-10A
18:57:27	-2.29744402e-10A
18:57:28	-1.08308075e-09A
18:57:29	-2.05706759e-11A
18:57:30	-5.02941468e-10A
18:57:31	-8.31610019e-10A
18:57:32	-2.40376437e-11A
18:57:33	1.34518352e-10A
18:57:34	-8.16586492e-10A
18:57:35	1.20927838e-09A
18:57:36	-1.58047507e-09A
18:57:37	4.24125733e-10A
18:57:38	-6.63577645e-10A
18:57:39	-3.77899495e-10A
18:57:40	1.35997592e-09A
18:57:41	8.7644947e-10A
18:57:42	-3.57791081e-10A
18:57:43	-9.93864114e-11A
18:57:44	-6.78832303e-10A
18:57:45	-8.85463587e-10A
18:57:46	-4.3730021e-10A
18:57:47	-7.2297836e-10A
18:57:48	1.01281687e-09A
18:57:49	2.56948543e-09A
18:57:50	1.95305855e-10A
18:57:51	9.49949188e-10A
18:57:52	-3.31904388e-10A
18:57:53	5.20045176e-11A
18:57:54	-1.0604299e-09A
18:57:55	1.57307887e-09A
18:57:56	5.0710183e-10A
18:57:57	2.90624358e-09A
18:57:58	1.97154905e-09A
18:57:59	1.18755205e-09A
18:58:00	1.38540035e-09A
18:58:01	2.88775308e-09A
18:58:02	8.5310522e-10A
18:58:03	2.10560514e-09A
18:58:04	2.33742972e-09A
18:58:05	2.31154303e-09A
18:58:06	4.046876e-09A
18:58:07	3.16118128e-09A
18:58:08	9.05109738e-10A
18:58:09	1.79612047e-09A
18:58:10	1.84095992e-09A
18:58:11	3.25363375e-09A
18:58:12	1.94681801e-09A
18:58:13	1.72054057e-09A
18:58:14	2.49043857e-09A
18:58:15	3.03290347e-09A
18:58:16	1.72493207e-09A
18:58:17	3.42374631e-09A
18:58:18	4.4915724e-09A
18:58:19	3.60680221e-09A
18:58:20	5.08765974e-09A
18:58:21	4.33879469e-09A
18:58:22	3.98655075e-09A
18:58:23	5.51964393e-09A
18:58:24	4.369304e-09A
18:58:25	4.69566124e-09A
18:58:26	5.34698894e-09A
18:58:27	3.22474235e-09A
18:58:28	5.79492118e-09A
18:58:29	5.9728922e-09A
18:58:30	4.6427322e-09A
18:58:31	5.41124341e-09A
18:58:32	5.99924115e-09A
18:58:33	7.63888581e-09A
18:58:34	6.74394584e-09A
18:58:35	6.88632266e-09A
18:58:36	5.6809735e-09A
18:58:37	9.03653611e-09A
18:58:38	8.90987622e-09A
18:58:39	9.49140229e-09A
18:58:40	9.77500026e-09A
18:58:41	9.19509211e-09A
18:58:42	9.90882522e-09A
18:58:43	9.6596658e-09A
18:58:44	1.06045301e-08A
18:58:45	1.01293244e-08A
18:58:46	9.91922612e-09A
18:58:47	1.05536812e-08A
18:58:48	9.6633639e-09A
18:58:49	1.04434317e-08A
18:58:50	1.11086272e-08A
18:58:51	9.46435994e-09A
18:58:52	1.21323073e-08A
18:58:53	9.28361535e-09A
18:58:54	9.26050223e-09A
18:58:55	1.13781262e-08A
18:58:56	1.1497621e-08A
18:58:57	1.40844413e-08A
18:58:58	1.50598149e-08A
18:58:59	1.64297295e-08A
18:59:00	1.79729924e-08A
18:59:01	1.59143069e-08A
18:59:02	1.74249804e-08A
18:59:03	1.75266781e-08A
18:59:04	1.67482282e-08A
18:59:05	1.7884238e-08A
18:59:06	1.74640415e-08A
18:59:07	1.6931053e-08A
18:59:08	1.76353098e-08A
18:59:09	1.79993414e-08A
18:59:10	1.76542625e-08A
18:59:11	1.91166295e-08A
18:59:12	1.91873557e-08A
18:59:13	1.90329601e-08A
18:59:14	1.78779975e-08A
18:59:15	1.74441643e-08A
18:59:16	2.09166792e-08A
18:59:17	2.66660676e-08A
18:59:18	2.70372643e-08A
18:59:19	2.74812673e-08A
18:59:20	2.70520567e-08A
18:59:21	2.77604738e-08A
18:59:22	2.81381421e-08A
18:59:23	2.90164406e-08A
18:59:24	3.0507468e-08A
18:59:25	2.93991939e-08A
18:59:26	3.02707896e-08A
18:59:27	3.07251935e-08A
18:59:28	3.02610821e-08A
18:59:29	3.0909174e-08A
18:59:30	3.0896924e-08A
18:59:31	2.92089729e-08A
18:59:32	2.96155327e-08A
18:59:33	3.06526183e-08A
18:59:34	3.07848254e-08A
18:59:35	2.94678399e-08A
18:59:36	3.27894262e-08A
18:59:37	4.06159905e-08A
18:59:38	4.41375053e-08A
18:59:39	4.51121855e-08A
18:59:40	4.52658878e-08A
18:59:41	4.53708213e-08A
18:59:42	4.74641765e-08A
18:59:43	4.59673709e-08A
18:59:44	4.61825541e-08A
18:59:45	4.70379706e-08A
18:59:46	4.85514176e-08A
18:59:47	4.69351172e-08A
18:59:48	4.79525567e-08A
18:59:49	4.76488504e-08A
18:59:50	4.8705351e-08A
18:59:51	4.77445387e-08A
18:59:52	4.83004092e-08A
18:59:53	4.89903358e-08A
18:59:54	4.8955435e-08A
18:59:55	4.76518551e-08A
18:59:56	5.28902123e-08A
18:59:57	6.60348742e-08A
18:59:58	6.89316414e-08A
18:59:59	7.02932352e-08A
19:00:00	7.15663058e-08A
19:00:01	7.15642257e-08A
19:00:02	7.19217856e-08A
19:00:03	7.21298037e-08A
19:00:04	7.31738233e-08A
19:00:05	7.30048664e-08A
19:00:06	7.40112116e-08A
19:00:07	7.45037521e-08A
19:00:08	7.46005961e-08A
19:00:09	7.50776509e-08A
19:00:10	7.59131901e-08A
19:00:11	7.39966503e-08A
19:00:12	7.55022389e-08A
19:00:13	7.64575041e-08A
19:00:14	7.4938741e-08A
19:00:15	7.52119381e-08A
19:00:16	8.00368017e-08A
19:00:17	1.00845774e-07A
19:00:18	1.03089595e-07A
19:00:19	1.05106677e-07A
19:00:20	1.07019057e-07A
19:00:21	1.05665321e-07A
19:00:22	1.07356046e-07A
19:00:23	1.08919417e-07A
19:00:24	1.08765484e-07A
19:00:25	1.10271304e-07A
19:00:26	1.10939735e-07A
19:00:27	1.1143112e-07A
19:00:28	1.11812718e-07A
19:00:29	1.11058999e-07A
19:00:30	1.1114914e-07A
19:00:31	1.11436667e-07A
19:00:32	1.123219e-07A
19:00:33	1.12936015e-07A
19:00:34	1.12614512e-07A
19:00:35	1.13665927e-07A
19:00:36	1.21860453e-07A
19:00:37	1.48649944e-07A
19:00:38	1.5243518e-07A
19:00:39	1.55747059e-07A
19:00:40	1.57269751e-07A
19:00:41	1.57625231e-07A
19:00:42	1.59493926e-07A
19:00:43	1.59270654e-07A
19:00:44	1.61141198e-07A
19:00:45	1.61970497e-07A
19:00:46	1.62866824e-07A
19:00:47	1.64707321e-07A
19:00:48	1.63060281e-07A
19:00:49	1.64153069e-07A
19:00:50	1.64500228e-07A
19:00:51	1.64005607e-07A
19:00:52	1.66350895e-07A
19:00:53	1.65892331e-07A
19:00:54	1.67347764e-07A
19:00:55	1.6545896e-07A
19:00:56	1.67495688e-07A
19:00:57	1.68165737e-07A
19:00:58	1.66692969e-07A
19:00:59	1.66940049e-07A
19:01:00	1.67565259e-07A
19:01:01	1.69756151e-07A
19:01:02	1.67672041e-07A
19:01:03	1.6875882e-07A
19:01:04	1.69061371e-07A
19:01:05	1.68286157e-07A
19:01:06	1.68351798e-07A
19:01:07	1.68556811e-07A
19:01:08	1.69513463e-07A
19:01:09	1.68978395e-07A
19:01:10	1.70061244e-07A
19:01:11	1.6947186e-07A
19:01:12	1.6887115e-07A
19:01:13	1.7022373e-07A
19:01:14	1.68444944e-07A
19:01:15	1.68965451e-07A
19:01:16	1.68317591e-07A
19:01:17	1.6819486e-07A
19:01:18	1.69514388e-07A
19:01:19	1.68739636e-07A
19:01:20	1.68418826e-07A
19:01:21	1.69367157e-07A
19:01:22	1.69241884e-07A
19:01:23	1.68471755e-07A
19:01:24	1.68956899e-07A
19:01:25	1.67220411e-07A
19:01:26	1.68147478e-07A
19:01:27	1.67144138e-07A
19:01:28	1.66983501e-07A
19:01:29	1.67997012e-07A
19:01:30	1.67776744e-07A
19:01:31	1.67848625e-07A
19:01:32	1.68431307e-07A
19:01:33	1.67642225e-07A
19:01:34	1.66585031e-07A
19:01:35	1.67135355e-07A
19:01:36	1.65904581e-07A
19:01:37	1.66976336e-07A
19:01:38	1.66622474e-07A
19:01:39	1.66779413e-07A
19:01:40	1.65313579e-07A
19:01:41	1.65549563e-07A
19:01:42	1.66027774e-07A
19:01:43	1.65433767e-07A
19:01:44	1.64680972e-07A
19:01:45	1.66349509e-07A
19:01:46	1.65348942e-07A
19:01:47	1.65112726e-07A
19:01:48	1.63965159e-07A
19:01:49	1.64606779e-07A
19:01:50	1.66203434e-07A
19:01:51	1.64137121e-07A
19:01:52	1.65137688e-07A
19:01:53	1.63710915e-07A
19:01:54	1.65172589e-07A
19:01:55	1.649195e-07A
19:01:56	1.64913953e-07A
19:01:57	1.6355051e-07A
19:01:58	1.6501958e-07A
19:01:59	1.64204611e-07A
19:02:00	1.63848207e-07A
19:02:01	1.65505417e-07A
19:02:02	1.63907839e-07A
19:02:03	1.63686877e-07A
19:02:04	1.63905758e-07A
19:02:05	1.63216756e-07A
19:02:06	1.64866571e-07A
19:02:07	1.63228313e-07A
19:02:08	1.64556393e-07A
19:02:09	1.64687675e-07A
19:02:10	1.62822447e-07A
19:02:11	1.64329653e-07A
19:02:12	1.63310133e-07A
19:02:13	1.62314189e-07A
19:02:14	1.64209003e-07A
19:02:15	1.64108923e-07A
19:02:16	1.71988185e-07A
19:02:17	2.11077785e-07A
19:02:18	2.17505081e-07A
19:02:19	2.19611149e-07A
19:02:20	2.19708455e-07A
19:02:21	2.21078138e-07A
19:02:22	2.21842951e-07A
19:02:23	2.25937209e-07A
19:02:24	2.26016487e-07A
19:02:25	2.25818639e-07A
19:02:26	2.26160944e-07A
19:02:27	2.27734717e-07A
19:02:28	2.27060276e-07A
19:02:29	2.27654052e-07A
19:02:30	2.2909816e-07A
19:02:31	2.29492932e-07A
19:02:32	2.29417121e-07A
19:02:33	2.2880809e-07A
19:02:34	2.29700256e-07A
19:02:35	2.30742889e-07A
19:02:36	2.45593761e-07A
19:02:37	2.96925918e-07A
19:02:38	3.0273309e-07A
19:02:39	3.06215774e-07A
19:02:40	3.09863487e-07A
19:02:41	3.11370462e-07A
19:02:42	3.1399981e-07A
19:02:43	3.13970688e-07A
19:02:44	3.1649048e-07A
19:02:45	3.1729551e-07A
19:02:46	3.1846827e-07A
19:02:47	3.18595392e-07A
19:02:48	3.20524644e-07A
19:02:49	3.21839318e-07A
19:02:50	3.22130312e-07A
19:02:51	3.22977639e-07A
19:02:52	3.23247832e-07A
19:02:53	3.23422798e-07A
19:02:54	3.24466818e-07A
19:02:55	3.24776071e-07A
19:02:56	3.44029761e-07A
19:02:57	4.14238865e-07A
19:02:58	4.24201544e-07A
19:02:59	4.28718772e-07A
19:03:00	4.32296683e-07A
19:03:01	4.36679623e-07A
19:03:02	4.39765918e-07A
19:03:03	4.41074814e-07A
19:03:04	4.45506986e-07A
19:03:05	4.45959772e-07A
19:03:06	4.46820042e-07A
19:03:07	4.49039595e-07A
19:03:08	4.50373915e-07A
19:03:09	4.50174911e-07A
19:03:10	4.52629756e-07A
19:03:11	4.53279696e-07A
19:03:12	4.55451867e-07A
19:03:13	4.54234499e-07A
19:03:14	4.56475085e-07A
19:03:15	4.56198883e-07A
19:03:16	4.85549309e-07A
19:03:17	5.80964424e-07A
19:03:18	5.93592277e-07A
19:03:19	6.02684747e-07A
19:03:20	6.08634294e-07A
19:03:21	6.10564009e-07A
19:03:22	6.17660661e-07A
19:03:23	6.19503239e-07A
19:03:24	6.23271833e-07A
19:03:25	6.24767252e-07A
19:03:26	6.27656623e-07A
19:03:27	6.29585181e-07A
19:03:28	6.31240774e-07A
19:03:29	6.32769013e-07A
19:03:30	6.34037924e-07A
19:03:31	6.37010502e-07A
19:03:32	6.37477849e-07A
19:03:33	6.37559669e-07A
19:03:34	6.38148592e-07A
19:03:35	6.40420149e-07A
19:03:36	6.75764962e-07A
19:03:37	8.11866563e-07A
19:03:38	8.29788938e-07A
19:03:39	8.41129158e-07A
19:03:40	8.48913194e-07A
19:03:41	8.54808195e-07A
19:03:42	8.60967379e-07A
19:03:43	8.65016104e-07A
19:03:44	8.6929781e-07A
19:03:45	8.73184281e-07A
19:03:46	8.78434657e-07A
19:03:47	8.80173226e-07A
19:03:48	8.83138177e-07A
19:03:49	8.86427636e-07A
19:03:50	8.86290344e-07A
19:03:51	8.90578752e-07A
19:03:52	8.90828142e-07A
19:03:53	8.90398932e-07A
19:03:54	8.9181045e-07A
19:03:55	8.93433684e-07A
19:03:56	9.37573732e-07A
19:03:57	1.11994109e-06A
19:03:58	1.14175271e-06A
19:03:59	1.15645428e-06A
19:04:00	1.16732022e-06A
19:04:01	1.17704714e-06A
19:04:02	1.18221292e-06A
19:04:03	1.18844792e-06A
19:04:04	1.19544033e-06A
19:04:05	1.20056705e-06A
19:04:06	1.20470176e-06A
19:04:07	1.20664557e-06A
19:04:08	1.20916513e-06A
19:04:09	1.21343528e-06A
19:04:10	1.21530582e-06A
19:04:11	1.21553395e-06A
19:04:12	1.21942759e-06A
19:04:13	1.22004032e-06A
19:04:14	1.22114928e-06A
19:04:15	1.22297083e-06A
19:04:16	1.28067273e-06A
19:04:17	1.52252933e-06A
19:04:18	1.55102388e-06A
19:04:19	1.57024613e-06A
19:04:20	1.58284902e-06A
19:04:21	1.59434572e-06A
19:04:22	1.6021286e-06A
19:04:23	1.61278514e-06A
19:04:24	1.61869354e-06A
19:04:25	1.62587294e-06A
19:04:26	1.63207118e-06A
19:04:27	1.63477889e-06A
19:04:28	1.63936569e-06A
19:04:29	1.64123808e-06A
19:04:30	1.64432507e-06A
19:04:31	1.6457775e-06A
19:04:32	1.64710812e-06A
19:04:33	1.64926665e-06A
19:04:34	1.64967945e-06A
19:04:35	1.6504475e-06A
19:04:36	1.73038815e-06A
19:04:37	2.05701212e-06A
19:04:38	2.0964461e-06A
19:04:39	2.11852121e-06A
19:04:40	2.13606823e-06A
19:04:41	2.15337973e-06A
19:04:42	2.1646862e-06A
19:04:43	2.17682937e-06A
19:04:44	2.18464923e-06A
19:04:45	2.19258674e-06A
19:04:46	2.20019789e-06A
19:04:47	2.20470102e-06A
19:04:48	2.20859766e-06A
19:04:49	2.21357623e-06A
19:04:50	2.21736123e-06A
19:04:51	2.21834123e-06A
19:04:52	2.22094376e-06A
19:04:53	2.22116311e-06A
19:04:54	2.2193515e-06A
19:04:55	2.22149547e-06A
19:04:56	2.32861739e-06A
19:04:57	2.73673359e-06A
19:04:58	2.78254263e-06A
19:04:59	2.81053031e-06A
19:05:00	2.83344997e-06A
19:05:01	2.85129399e-06A
19:05:02	2.86781178e-06A
19:05:03	2.88084897e-06A
19:05:04	2.89212702e-06A
19:05:05	2.9007667e-06A
19:05:06	2.90774871e-06A
19:05:07	2.91358847e-06A
19:05:08	2.9179164e-06A
19:05:09	2.92004165e-06A
19:05:10	2.9239933e-06A
19:05:11	2.92479025e-06A
19:05:12	2.92530474e-06A
19:05:13	2.92392327e-06A
19:05:14	2.9222827e-06A
19:05:15	2.92045053e-06A
19:05:16	3.07676848e-06A
19:05:17	3.58173651e-06A
19:05:18	3.63675613e-06A
19:05:19	3.67101209e-06A
19:05:20	3.69837895e-06A
19:05:21	3.72052987e-06A
19:05:22	3.73847096e-06A
19:05:23	3.75370089e-06A
19:05:24	3.76572826e-06A
19:05:25	3.77541705e-06A
19:05:26	3.78215291e-06A
19:05:27	3.78898884e-06A
19:05:28	3.79136811e-06A
19:05:29	3.79412042e-06A
19:05:30	3.79489748e-06A
19:05:31	3.79529249e-06A
19:05:32	3.79421218e-06A
19:05:33	3.79086401e-06A
19:05:34	3.78577034e-06A
19:05:35	3.78152562e-06A
19:05:36	3.77428497e-06A
19:05:37	3.7680227e-06A
19:05:38	3.76097251e-06A
19:05:39	3.75193851e-06A
19:05:40	3.74218177e-06A
19:05:41	3.73352475e-06A
19:05:42	3.72498839e-06A
19:05:43	3.71193248e-06A
19:05:44	3.70124127e-06A
19:05:45	3.68881035e-06A
19:05:46	3.67757275e-06A
19:05:47	3.66712076e-06A
19:05:48	3.65582677e-06A
19:05:49	3.64255614e-06A
19:05:50	3.63074626e-06A
19:05:51	3.61662992e-06A
19:05:52	3.60427943e-06A
19:05:53	3.59128338e-06A
19:05:54	3.57893682e-06A
19:05:55	3.5645912e-06A
19:05:56	3.55329489e-06A
19:05:57	3.53925437e-06A
19:05:58	3.52822987e-06A
19:05:59	3.51291096e-06A
19:06:00	3.500465e-06A
19:06:01	3.48938874e-06A
19:06:02	3.47649809e-06A
19:06:03	3.46268314e-06A
19:06:04	3.4507436e-06A
19:06:05	3.43724115e-06A
19:06:06	3.42602944e-06A
19:06:07	3.41418373e-06A
19:06:08	3.4005879e-06A
19:06:09	3.39039178e-06A
19:06:10	3.3798797e-06A
19:06:11	3.36868209e-06A
19:06:12	3.35773109e-06A
19:06:13	3.34473759e-06A
19:06:14	3.33397936e-06A
19:06:15	3.32407654e-06A
19:06:16	3.31301229e-06A
19:06:17	3.30268188e-06A
19:06:18	3.29322469e-06A
19:06:19	3.28232015e-06A
19:06:20	3.27379187e-06A
19:06:21	3.26439223e-06A
19:06:22	3.25376019e-06A
19:06:23	3.24517829e-06A
19:06:24	3.23542409e-06A
19:06:25	3.22729798e-06A
19:06:26	3.21849674e-06A
19:06:27	3.21032972e-06A
19:06:28	3.19932672e-06A
19:06:29	3.19273185e-06A
19:06:30	3.18294137e-06A
19:06:31	3.17644381e-06A
19:06:32	3.16968622e-06A
19:06:33	3.16122798e-06A
19:06:34	3.15346775e-06A
19:06:35	3.14560258e-06A
19:06:36	3.13892382e-06A
19:06:37	3.13180151e-06A
19:06:38	3.126124e-06A
19:06:39	3.1186439e-06A
19:06:40	3.11122367e-06A
19:06:41	3.10546111e-06A
19:06:42	3.0983633e-06A
19:06:43	3.09166928e-06A
19:06:44	3.08666297e-06A
19:06:45	3.08173341e-06A
19:06:46	3.07501674e-06A
19:06:47	3.07101285e-06A
19:06:48	3.06394786e-06A
19:06:49	3.05727418e-06A
19:06:50	3.05219646e-06A
19:06:51	3.04804511e-06A
19:06:52	3.04350916e-06A
19:06:53	3.03851511e-06A
19:06:54	3.03197525e-06A
19:06:55	3.02876369e-06A
19:06:56	3.18071719e-06A
19:06:57	3.68432709e-06A
19:06:58	3.72385191e-06A
19:06:59	3.74310352e-06A
19:07:00	3.75833068e-06A
19:07:01	3.77071607e-06A
19:07:02	3.77888518e-06A
19:07:03	3.78579762e-06A
19:07:04	3.7919984e-06A
19:07:05	3.79499756e-06A
19:07:06	3.79787445e-06A
19:07:07	3.79976233e-06A
19:07:08	3.80173434e-06A
19:07:09	3.80145953e-06A
19:07:10	3.80368324e-06A
19:07:11	3.80361552e-06A
19:07:12	3.80320619e-06A
19:07:13	3.80336405e-06A
19:07:14	3.80080312e-06A
19:07:15	3.80059579e-06A
19:07:16	3.98352203e-06A
19:07:17	4.60623846e-06A
19:07:18	4.65808558e-06A
19:07:19	4.68691157e-06A
19:07:20	4.71203784e-06A
19:07:21	4.72874423e-06A
19:07:22	4.74657392e-06A
19:07:23	4.75757091e-06A
19:07:24	4.76674752e-06A
19:07:25	4.77624192e-06A
19:07:26	4.78308017e-06A
19:07:27	4.78854689e-06A
19:07:28	4.79499337e-06A
19:07:29	4.79737425e-06A
19:07:30	4.8012279e-06A
19:07:31	4.80458046e-06A
19:07:32	4.80700756e-06A
19:07:33	4.80883188e-06A
19:07:34	4.80780381e-06A
19:07:35	4.80635647e-06A
19:07:36	5.00728367e-06A
19:07:37	5.83409172e-06A
19:07:38	5.90971923e-06A
19:07:39	5.9510864e-06A
19:07:40	5.98253018e-06A
19:07:41	6.0083087e-06A
19:07:42	6.03023773e-06A
19:07:43	6.04750924e-06A
19:07:44	6.06348665e-06A
19:07:45	6.07490407e-06A
19:07:46	6.08883296e-06A
19:07:47	6.09596012e-06A
19:07:48	6.10303505e-06A
19:07:49	6.11143736e-06A
19:07:50	6.11781427e-06A
19:07:51	6.12226585e-06A
19:07:52	6.12791308e-06A
19:07:53	6.12866958e-06A
19:07:54	6.13256252e-06A
19:07:55	6.13424492e-06A
19:07:56	6.4246578e-06A
19:07:57	7.37969258e-06A
19:07:58	7.46332902e-06A
19:07:59	7.51288748e-06A
19:08:00	7.55550507e-06A
19:08:01	7.58762514e-06A
19:08:02	7.61593177e-06A
19:08:03	7.64032259e-06A
19:08:04	7.66099635e-06A
19:08:05	7.67728879e-06A
19:08:06	7.69144465e-06A
19:08:07	7.70527438e-06A
19:08:08	7.71487488e-06A
19:08:09	7.72410418e-06A
19:08:10	7.73198714e-06A
19:08:11	7.73843986e-06A
19:08:12	7.7450687e-06A
19:08:13	7.74979811e-06A
19:08:14	7.75240943e-06A
19:08:15	7.75627417e-06A
19:08:16	8.05954072e-06A
19:08:17	9.29862257e-06A
19:08:18	9.40646168e-06A
19:08:19	9.47388496e-06A
19:08:20	9.52644997e-06A
19:08:21	9.57022299e-06A
19:08:22	9.60706391e-06A
19:08:23	9.63755821e-06A
19:08:24	9.6637382e-06A
19:08:25	9.68553457e-06A
19:08:26	9.70616511e-06A
19:08:27	9.72372877e-06A
19:08:28	9.73730403e-06A
19:08:29	9.75092575e-06A
19:08:30	9.76352055e-06A
19:08:31	9.77109217e-06A
19:08:32	9.77774297e-06A
19:08:33	9.78638104e-06A
19:08:34	9.79007821e-06A
19:08:35	9.79543214e-06A
19:08:36	1.01994402e-05A
19:08:37	1.17614907e-05A
19:08:38	1.19013415e-05A
19:08:39	1.19885771e-05A
19:08:40	1.20589092e-05A
19:08:41	1.21151124e-05A
19:08:42	1.21655258e-05A
19:08:43	1.22078883e-05A
19:08:44	1.22454834e-05A
19:08:45	1.22747612e-05A
19:08:46	1.23007318e-05A
19:08:47	1.2324885e-05A
19:08:48	1.23462237e-05A
19:08:49	1.23623974e-05A
19:08:50	1.23785338e-05A
19:08:51	1.23898994e-05A
19:08:52	1.24025153e-05A
19:08:53	1.24133741e-05A
19:08:54	1.24211761e-05A
19:08:55	1.24256434e-05A
19:08:56	1.2980258e-05A
19:08:57	1.481169e-05A
19:08:58	1.49794536e-05A
19:08:59	1.50882764e-05A
19:09:00	1.51772208e-05A
19:09:01	1.52509496e-05A
19:09:02	1.53151079e-05A
19:09:03	1.53687886e-05A
19:09:04	1.54134725e-05A
19:09:05	1.54552074e-05A
19:09:06	1.54904382e-05A
19:09:07	1.55199033e-05A
19:09:08	1.55465731e-05A
19:09:09	1.55699857e-05A
19:09:10	1.55917488e-05A
19:09:11	1.56082532e-05A
19:09:12	1.56244222e-05A
19:09:13	1.56347531e-05A
19:09:14	1.56481525e-05A
19:09:15	1.56604114e-05A
19:09:16	1.62785512e-05A
19:09:17	1.8603527e-05A
19:09:18	1.88122443e-05A
19:09:19	1.89561486e-05A
19:09:20	1.90693934e-05A
19:09:21	1.91697326e-05A
19:09:22	1.92477914e-05A
19:09:23	1.93193542e-05A
19:09:24	1.93793875e-05A
19:09:25	1.94334739e-05A
19:09:26	1.94756058e-05A
19:09:27	1.95166085e-05A
19:09:28	1.95500539e-05A
19:09:29	1.95829767e-05A
19:09:30	1.96100791e-05A
19:09:31	1.96332761e-05A
19:09:32	1.96586486e-05A
19:09:33	1.96745807e-05A
19:09:34	1.9686765e-05A
19:09:35	1.9698294e-05A
19:09:36	2.05764946e-05A
19:09:37	2.33366888e-05A
19:09:38	2.36030722e-05A
19:09:39	2.37815343e-05A
19:09:40	2.39331791e-05A
19:09:41	2.40528091e-05A
19:09:42	2.41562514e-05A
19:09:43	2.42441529e-05A
19:09:44	2.43243903e-05A
19:09:45	2.43921086e-05A
19:09:46	2.44502526e-05A
19:09:47	2.45038961e-05A
19:09:48	2.45503528e-05A
19:09:49	2.45913869e-05A
19:09:50	2.46268526e-05A
19:09:51	2.46583333e-05A
19:09:52	2.46890923e-05A
19:09:53	2.47142024e-05A
19:09:54	2.47345433e-05A
19:09:55	2.47507914e-05A
19:09:56	2.58142457e-05A
19:09:57	2.93673885e-05A
19:09:58	2.97114261e-05A
19:09:59	2.99479586e-05A
19:10:00	3.0142106e-05A
19:10:01	3.03061972e-05A
19:10:02	3.04420896e-05A
19:10:03	3.05651693e-05A
19:10:04	3.06672736e-05A
19:10:05	3.07598382e-05A
19:10:06	3.0837897e-05A
19:10:07	3.0907167e-05A
19:10:08	3.09693295e-05A
19:10:09	3.10272979e-05A
19:10:10	3.10754014e-05A
19:10:11	3.11169955e-05A
19:10:12	3.11500632e-05A
19:10:13	3.1185326e-05A
19:10:14	3.12164913e-05A
19:10:15	3.12417236e-05A
19:10:16	3.12636208e-05A
19:10:17	3.12852496e-05A
19:10:18	3.1301156e-05A
19:10:19	3.13152996e-05A
19:10:20	3.13297176e-05A
19:10:21	3.13414863e-05A
19:10:22	3.13477278e-05A
19:10:23	3.13568515e-05A
19:10:24	3.13646256e-05A
19:10:25	3.13661538e-05A
19:10:26	3.1374809e-05A
19:10:27	3.13754566e-05A
19:10:28	3.13791679e-05A
19:10:29	3.13794184e-05A
19:10:30	3.13789869e-05A
19:10:31	3.13765221e-05A
19:10:32	3.13736475e-05A
19:10:33	3.13728929e-05A
19:10:34	3.13660331e-05A
19:10:35	3.13646126e-05A
19:10:36	3.13593671e-05A
19:10:37	3.13569372e-05A
19:10:38	3.13545575e-05A
19:10:39	3.13500902e-05A
19:10:40	3.13464124e-05A
19:10:41	3.13423089e-05A
19:10:42	3.13354487e-05A
19:10:43	3.1330444e-05A
19:10:44	3.1322822e-05A
19:10:45	3.13171366e-05A
19:10:46	3.13109763e-05A
19:10:47	3.13062404e-05A
19:10:48	3.12984765e-05A
19:10:49	3.12958044e-05A
19:10:50	3.12881112e-05A
19:10:51	3.12839256e-05A
19:10:52	3.12801536e-05A
19:10:53	3.127338e-05A
19:10:54	3.12670494e-05A
19:10:55	3.12631599e-05A
19:10:56	3.12571523e-05A
19:10:57	3.12511087e-05A
19:10:58	3.12456764e-05A
19:10:59	3.12404972e-05A
19:11:00	3.12453189e-05A
19:11:01	3.12314582e-05A
19:11:02	3.12259857e-05A
19:11:03	3.12181408e-05A
19:11:04	3.12135635e-05A
19:11:05	3.12099327e-05A
19:11:06	3.12060353e-05A
19:11:07	3.12019238e-05A
19:11:08	3.12056283e-05A
19:11:09	3.11961422e-05A
19:11:10	3.11883372e-05A
19:11:11	3.11858837e-05A
19:11:12	3.11801953e-05A
19:11:13	3.11768888e-05A
19:11:14	3.11704832e-05A
19:11:15	3.11649786e-05A
19:11:16	3.11640663e-05A
19:11:17	3.11605841e-05A
19:11:18	3.11588522e-05A
19:11:19	3.11512073e-05A
19:11:20	3.11498406e-05A
19:11:21	3.11467178e-05A
19:11:22	3.11448965e-05A
19:11:23	3.11399415e-05A
19:11:24	3.11373572e-05A
19:11:25	3.11372858e-05A
19:11:26	3.11334074e-05A
19:11:27	3.11304127e-05A
19:11:28	3.11276414e-05A
19:11:29	3.11288904e-05A
19:11:30	3.11247708e-05A
19:11:31	3.11238654e-05A
19:11:32	3.11190676e-05A
19:11:33	3.11185034e-05A
19:11:34	3.11173894e-05A
19:11:35	3.11164415e-05A
19:11:36	3.2419145e-05A
19:11:37	3.65909762e-05A
19:11:38	3.69588014e-05A
19:11:39	3.72025769e-05A
19:11:40	3.74032291e-05A
19:11:41	3.75680575e-05A
19:11:42	3.77064878e-05A
19:11:43	3.78258608e-05A
19:11:44	3.79215792e-05A
19:11:45	3.80113616e-05A
19:11:46	3.80822539e-05A
19:11:47	3.81498714e-05A
19:11:48	3.82086645e-05A
19:11:49	3.82611019e-05A
19:11:50	3.83057058e-05A
19:11:51	3.83478695e-05A
19:11:52	3.83839618e-05A
19:11:53	3.84195174e-05A
19:11:54	3.84537317e-05A
19:11:55	3.84804061e-05A
19:11:56	3.96959943e-05A
19:11:57	4.51382659e-05A
19:11:58	4.56269885e-05A
19:11:59	4.5962708e-05A
19:12:00	4.62349033e-05A
19:12:01	4.64561558e-05A
19:12:02	4.66453244e-05A
19:12:03	4.68024518e-05A
19:12:04	4.69471067e-05A
19:12:05	4.70626344e-05A
19:12:06	4.71761554e-05A
19:12:07	4.7273861e-05A
19:12:08	4.7355356e-05A
19:12:09	4.74348423e-05A
19:12:10	4.75018153e-05A
19:12:11	4.75654696e-05A
19:12:12	4.7621019e-05A
19:12:13	4.76741006e-05A
19:12:14	4.77197393e-05A
19:12:15	4.77620952e-05A
19:12:16	4.94455537e-05A
19:12:17	5.60870434e-05A
19:12:18	5.67009344e-05A
19:12:19	5.71277284e-05A
19:12:20	5.74734676e-05A
19:12:21	5.77584177e-05A
19:12:22	5.8006486e-05A
19:12:23	5.82141392e-05A
19:12:24	5.83920644e-05A
19:12:25	5.85484825e-05A
19:12:26	5.86925953e-05A
19:12:27	5.88169037e-05A
19:12:28	5.89241412e-05A
19:12:29	5.90213333e-05A
19:12:30	5.91083498e-05A
19:12:31	5.91866185e-05A
19:12:32	5.92575397e-05A
19:12:33	5.93204148e-05A
19:12:34	5.93807959e-05A
19:12:35	5.94333057e-05A
19:12:36	6.13459566e-05A
19:12:37	6.92980037e-05A
19:12:38	7.00242758e-05A
19:12:39	7.05260716e-05A
19:12:40	7.09374884e-05A
19:12:41	7.12732225e-05A
19:12:42	7.15536078e-05A
19:12:43	7.17957376e-05A
19:12:44	7.20152734e-05A
19:12:45	7.22021733e-05A
19:12:46	7.23609535e-05A
19:12:47	7.25081954e-05A
19:12:48	7.26320862e-05A
19:12:49	7.27392123e-05A
19:12:50	7.28427024e-05A
19:12:51	7.29284646e-05A
19:12:52	7.30077569e-05A
19:12:53	7.30876884e-05A
19:12:54	7.31480356e-05A
19:12:55	7.32063121e-05A
19:12:56	7.5659734e-05A
19:12:57	8.51748935e-05A
19:12:58	8.60355666e-05A
19:12:59	8.66381139e-05A
19:13:00	8.71124331e-05A
19:13:01	8.75173251e-05A
19:13:02	8.78404292e-05A
19:13:03	8.81278955e-05A
19:13:04	8.83669577e-05A
19:13:05	8.85756138e-05A
19:13:06	8.87617176e-05A
19:13:07	8.89176205e-05A
19:13:08	8.90583478e-05A
19:13:09	8.91798555e-05A
19:13:10	8.92915502e-05A
19:13:11	8.93835843e-05A
19:13:12	8.9470332e-05A
19:13:13	8.95450491e-05A
19:13:14	8.96126844e-05A
19:13:15	8.96686473e-05A
19:13:16	9.20879675e-05A
19:13:17	0.000104486442A
19:13:18	0.000104887172A
19:13:19	0.000105540239A
19:13:20	0.000106088432A
19:13:21	0.00010653447A
19:13:22	0.000106911274A
19:13:23	0.000107226916A
19:13:24	0.000107493829A
19:13:25	0.000107719355A
19:13:26	0.000107910248A
19:13:27	0.000108081633A
19:13:28	0.000108227592A
19:13:29	0.000108358369A
19:13:30	0.000108475733A
19:13:31	0.000108572076A
19:13:32	0.000108655169A
19:13:33	0.000108728743A
19:13:34	0.000108794946A
19:13:35	0.00010885187A
19:13:36	0.000112351368A
19:13:37	0.000125719961A
19:13:38	0.000126831541A
19:13:39	0.000127606534A
19:13:40	0.000128208643A
19:13:41	0.000128697534A
19:13:42	0.000129092371A
19:13:43	0.000129429031A
19:13:44	0.000129712561A
19:13:45	0.000129947827A
19:13:46	0.000130151713A
19:13:47	0.000130317582A
19:13:48	0.000130465001A
19:13:49	0.000130588756A
19:13:50	0.000130682742A
19:13:51	0.000130782714A
19:13:52	0.000130856339A
19:13:53	0.000130917516A
19:13:54	0.000130957311A
19:13:55	0.00013099949A
19:13:56	0.000134059457A
19:13:57	0.000151375361A
19:13:58	0.000152691922A
19:13:59	0.000153562626A
19:14:00	0.000154250531A
19:14:01	0.00015479076A
19:14:02	0.000155227437A
19:14:03	0.000155596937A
19:14:04	0.000155890354A
19:14:05	0.000156142408A
19:14:06	0.000156345193A
19:14:07	0.000156507487A
19:14:08	0.000156665155A
19:14:09	0.000156767505A
19:14:10	0.000156873879A
19:14:11	0.000156959462A
19:14:12	0.000157012776A
19:14:13	0.000157060192A
19:14:14	0.000157098272A
19:14:15	0.000157115527A
19:14:16	0.000160477267A
19:14:17	0.000180167424A
19:14:18	0.000181564145A
19:14:19	0.000182473256A
19:14:20	0.000183149676A
19:14:21	0.000183708292A
19:14:22	0.000184141879A
19:14:23	0.000184481627A
19:14:24	0.000184764016A
19:14:25	0.000184995913A
19:14:26	0.000185182136A
19:14:27	0.000185332001A
19:14:28	0.000185447414A
19:14:29	0.000185535339A
19:14:30	0.000185599411A
19:14:31	0.000185664685A
19:14:32	0.000185691727A
19:14:33	0.000185705323A
19:14:34	0.000185697389A
19:14:35	0.000185695795A
19:14:36	0.000189430992A
19:14:37	0.000212443084A
19:14:38	0.000213951647A
19:14:39	0.000214899791A
19:14:40	0.000215627801A
19:14:41	0.000216170735A
19:14:42	0.000216621445A
19:14:43	0.000216949904A
19:14:44	0.000217235317A
19:14:45	0.000217431486A
19:14:46	0.000217583425A
19:14:47	0.000217709991A
19:14:48	0.000217791809A
19:14:49	0.000217855169A
19:14:50	0.00021788745A
19:14:51	0.000217912168A
19:14:52	0.000217907328A
19:14:53	0.00021791072A
19:14:54	0.00021787348A
19:14:55	0.000217832171A
19:14:56	0.000217785331A
19:14:57	0.000217721985A
19:14:58	0.000217642157A
19:14:59	0.000217563625A
19:15:00	0.000217472831A
19:15:01	0.000217394022A
19:15:02	0.000217284389A
19:15:03	0.000217180553A
19:15:04	0.000217111372A
19:15:05	0.000216967919A
19:15:06	0.000216851485A
19:15:07	0.000216734516A
19:15:08	0.000216628027A
19:15:09	0.000216494987A
19:15:10	0.000216374915A
19:15:11	0.000216243806A
19:15:12	0.000216124929A
19:15:13	0.000216005744A
19:15:14	0.000215868682A
19:15:15	0.000215756878A
19:15:16	0.000215614747A
19:15:17	0.000215488978A
19:15:18	0.000215364366A
19:15:19	0.000215223353A
19:15:20	0.000215082512A
19:15:21	0.000214949027A
19:15:22	0.000214808653A
19:15:23	0.000214695787A
19:15:24	0.000214572203A
19:15:25	0.000214457372A
19:15:26	0.000214311967A
19:15:27	0.000214192953A
19:15:28	0.000214065235A
19:15:29	0.000213940923A
19:15:30	0.000213793707A
19:15:31	0.000213684066A
19:15:32	0.000213537224A
19:15:33	0.000213423709A
19:15:34	0.000213302397A
19:15:35	0.000213183666A
19:15:36	0.000213071118A
19:15:37	0.000212947952A
19:15:38	0.000212826178A
19:15:39	0.000212702692A
19:15:40	0.000212589553A
19:15:41	0.000212485015A
19:15:42	0.000212367459A
19:15:43	0.000212253804A
19:15:44	0.000212146161A
19:15:45	0.000212031661A
19:15:46	0.00021192065A
19:15:47	0.000211813869A
19:15:48	0.000211722874A
19:15:49	0.00021160377A
19:15:50	0.000211507968A
19:15:51	0.00021140303A
19:15:52	0.000211303602A
19:15:53	0.000211210395A
19:15:54	0.000211109444A
19:15:55	0.000211020292A
19:15:56	0.000210928566A
19:15:57	0.0002108337A
19:15:58	0.000210758801A
19:15:59	0.000210665887A
19:16:00	0.000210564808A
19:16:01	0.000210487707A
19:16:02	0.000210394538A
19:16:03	0.000210323321A
19:16:04	0.000210228211A
19:16:05	0.000210151019A
19:16:06	0.000210062408A
19:16:07	0.000209988073A
19:16:08	0.000209902537A
19:16:09	0.000209808618A
19:16:10	0.00020974898A
19:16:11	0.000209664525A
19:16:12	0.00020959187A
19:16:13	0.000209510833A
19:16:14	0.000209429812A
19:16:15	0.000209357136A
19:16:16	0.000213567297A
19:16:17	0.000239729339A
19:16:18	0.00024125795A
19:16:19	0.000242149357A
19:16:20	0.000242787416A
19:16:21	0.000243249619A
19:16:22	0.000243595962A
19:16:23	0.000243862294A
19:16:24	0.000244060991A
19:16:25	0.000244211805A
19:16:26	0.000244332582A
19:16:27	0.0002444204A
19:16:28	0.000244513243A
19:16:29	0.000244560154A
19:16:30	0.000244594119A
19:16:31	0.000244615643A
19:16:32	0.000244628565A
19:16:33	0.000244611205A
19:16:34	0.000244593657A
19:16:35	0.00024458174A
19:16:36	0.000249462727A
19:16:37	0.000278643383A
19:16:38	0.000280322288A
19:16:39	0.000281305799A
19:16:40	0.000282045668A
19:16:41	0.000282580432A
19:16:42	0.000282962993A
19:16:43	0.000283273075A
19:16:44	0.000283483444A
19:16:45	0.000283645428A
19:16:46	0.000283798621A
19:16:47	0.000283904509A
19:16:48	0.000283988672A
19:16:49	0.000284050424A
19:16:50	0.000284079535A
19:16:51	0.000284121922A
19:16:52	0.000284116903A
19:16:53	0.000284131354A
19:16:54	0.000284124361A
19:16:55	0.000284111764A
19:16:56	0.000289982006A
19:16:57	0.000322808429A
19:16:58	0.000324611743A
19:16:59	0.000325693492A
19:17:00	0.000326458065A
19:17:01	0.000327016643A
19:17:02	0.000327417562A
19:17:03	0.000327720059A
19:17:04	0.000327947428A
19:17:05	0.0003281321A
19:17:06	0.000328277349A
19:17:07	0.000328399341A
19:17:08	0.000328414489A
19:17:09	0.000328497777A
19:17:10	0.000328535126A
19:17:11	0.000328566697A
19:17:12	0.000328559405A
19:17:13	0.000328567539A
19:17:14	0.000328526814A
19:17:15	0.000328508288A
19:17:16	0.000334849831A
19:17:17	0.000373642208A
19:17:18	0.000375630836A
19:17:19	0.000376789085A
19:17:20	0.000377599181A
19:17:21	0.000378189106A
19:17:22	0.000378609997A
19:17:23	0.000378936481A
19:17:24	0.000379201245A
19:17:25	0.00037938053A
19:17:26	0.000379510976A
19:17:27	0.000379658688A
19:17:28	0.000379703836A
19:17:29	0.000379705711A
19:17:30	0.000379742273A
19:17:31	0.000379772061A
19:17:32	0.000379742472A
19:17:33	0.000379746641A
19:17:34	0.000379683447A
19:17:35	0.000379632401A
19:17:36	0.000387600395A
19:17:37	0.000429387879A
19:17:38	0.000431486313A
19:17:39	0.00043268802A
19:17:40	0.000433510808A
19:17:41	0.000434127995A
19:17:42	0.000434520288A
19:17:43	0.000434840747A
19:17:44	0.000435057023A
19:17:45	0.000435222679A
19:17:46	0.00043534991A
19:17:47	0.000435413515A
19:17:48	0.00043545621A
19:17:49	0.000435486305A
19:17:50	0.000435478848A
19:17:51	0.000435486346A
19:17:52	0.000435437469A
19:17:53	0.000435411003A
19:17:54	0.000435351147A
19:17:55	0.000435271123A
19:17:56	0.000443573095A
19:17:57	0.000490802622A
19:17:58	0.000492926955A
19:17:59	0.000494080777A
19:18:00	0.000494850255A
19:18:01	0.000495403564A
19:18:02	0.00049583484A
19:18:03	0.000496097571A
19:18:04	0.000496228304A
19:18:05	0.000496385569A
19:18:06	0.000496484361A
19:18:07	0.000496531118A
19:18:08	0.00049659945A
19:18:09	0.000496567243A
19:18:10	0.000496547109A
19:18:11	0.000496502815A
19:18:12	0.000496437112A
19:18:13	0.000496368108A
19:18:14	0.000496296793A
19:18:15	0.000496181027A
19:18:16	0.000504475889A
19:18:17	0.00056039544A
19:18:18	0.000562694133A
19:18:19	0.000563968103A
19:18:20	0.000564793296A
19:18:21	0.000565434901A
19:18:22	0.000565861315A
19:18:23	0.000566153362A
19:18:24	0.000566389033A
19:18:25	0.000566487079A
19:18:26	0.000566575307A
19:18:27	0.000566613677A
19:18:28	0.000566664723A
19:18:29	0.000566638185A
19:18:30	0.00056657862A
19:18:31	0.000566567851A
19:18:32	0.000566497879A
19:18:33	0.000566420892A
19:18:34	0.000566298882A
19:18:35	0.000566220349A
19:18:36	0.000577779175A
19:18:37	0.000636067294A
19:18:38	0.000638363381A
19:18:39	0.000639708797A
19:18:40	0.000640507755A
19:18:41	0.000641211722A
19:18:42	0.000641609402A
19:18:43	0.000641909314A
19:18:44	0.000642044845A
19:18:45	0.000642184229A
19:18:46	0.000642363221A
19:18:47	0.000642391293A
19:18:48	0.000642420592A
19:18:49	0.000642328781A
19:18:50	0.000642272933A
19:18:51	0.000642327666A
19:18:52	0.000642265751A
19:18:53	0.000642225068A
19:18:54	0.000642163535A
19:18:55	0.000642022133A
19:18:56	0.000651549671A
19:18:57	0.000719755524A
19:18:58	0.000722306932A
19:18:59	0.000723724121A
19:19:00	0.000724560349A
19:19:01	0.000725407677A
19:19:02	0.000725746945A
19:19:03	0.000726024076A
19:19:04	0.000726276765A
19:19:05	0.000726403414A
19:19:06	0.00072665042A
19:19:07	0.000726660078A
19:19:08	0.000726632444A
19:19:09	0.000726624012A
19:19:10	0.000726643159A
19:19:11	0.000726541672A
19:19:12	0.000726588083A
19:19:13	0.000726464184A
19:19:14	0.000726461086A
19:19:15	0.000726302586A
19:19:16	0.000740387731A
19:19:17	0.000812243445A
19:19:18	0.000814814416A
19:19:19	0.000816072953A
19:19:20	0.00081709883A
19:19:21	0.000817802867A
19:19:22	0.000818308175A
19:19:23	0.000818592674A
19:19:24	0.000818841285A
19:19:25	0.000818984563A
19:19:26	0.000819118819A
19:19:27	0.000819265088A
19:19:28	0.000819290639A
19:19:29	0.000819176585A
19:19:30	0.000819185249A
19:19:31	0.000819250283A
19:19:32	0.000819307938A
19:19:33	0.000819313765A
19:19:34	0.000819172239A
19:19:35	0.000819023999A
19:19:36	0.000819140712A
19:19:37	0.000819123131A
19:19:38	0.000819035164A
19:19:39	0.000818987242A
19:19:40	0.000819034178A
19:19:41	0.000819034175A
19:19:42	0.000819010816A
19:19:43	0.000819017333A
19:19:44	0.000818866914A
19:19:45	0.000818812186A
19:19:46	0.00081892555A
19:19:47	0.000818864789A
19:19:48	0.000818871758A
19:19:49	0.00081871333A
19:19:50	0.000818771864A
19:19:51	0.000818848666A
19:19:52	0.000818816575A
19:19:53	0.000818880528A
19:19:54	0.000818788633A
19:19:55	0.000818670602A
19:19:56	0.000818795876A
19:19:57	0.000818794756A
19:19:58	0.000818856533A
19:19:59	0.000818723688A
19:20:00	0.00081869781A
19:20:01	0.00081890299A
19:20:02	0.000818926722A
19:20:03	0.000818967772A
19:20:04	0.000818958659A
19:20:05	0.000818950088A
19:20:06	0.000819119116A
19:20:07	0.000819025696A
19:20:08	0.00081906283A
19:20:09	0.000819097249A
19:20:10	0.000819055445A
19:20:11	0.000819174824A
19:20:12	0.000819152973A
19:20:13	0.000819158725A
19:20:14	0.000819185745A
19:20:15	0.000819148273A
19:20:16	0.000819350091A
19:20:17	0.000819284586A
19:20:18	0.000819325268A
19:20:19	0.000819407648A
19:20:20	0.000819390612A
19:20:21	0.00081951674A
19:20:22	0.000819553651A
19:20:23	0.000819667998A
19:20:24	0.000819705747A
19:20:25	0.000819600915A
19:20:26	0.000819780669A
19:20:27	0.000819673802A
19:20:28	0.000819901405A
19:20:29	0.000819946997A
19:20:30	0.000819958071A
19:20:31	0.000820092256A
19:20:32	0.000820276156A
19:20:33	0.00082028857A
19:20:34	0.000820302507A
19:20:35	0.000820206732A
19:20:36	0.000820525111A
19:20:37	0.000820465455A
19:20:38	0.000820549718A
19:20:39	0.000820655133A
19:20:40	0.00082066875A
19:20:41	0.00082083727A
19:20:42	0.000820976047A
19:20:43	0.000821069356A
19:20:44	0.000821170332A
19:20:45	0.000821121662A
19:20:46	0.00082133665A
19:20:47	0.000821359099A
19:20:48	0.000821460445A
19:20:49	0.000821513591A
19:20:50	0.000821539391A
19:20:51	0.000821733212A
19:20:52	0.000821878915A
19:20:53	0.000821900249A
19:20:54	0.000822101869A
19:20:55	0.000822065745A
19:20:56	0.000832726926A
19:20:57	0.000917495252A
19:20:58	0.000920481208A
19:20:59	0.000922036965A
19:21:00	0.000923013204A
19:21:01	0.000923998653A
19:21:02	0.000924711284A
19:21:03	0.000925043655A
19:21:04	0.000925569028A
19:21:05	0.0009259182A
19:21:06	0.000926354734A
19:21:07	0.000926479008A
19:21:08	0.000926719729A
19:21:09	0.000927076236A
19:21:10	0.000927190422A
19:21:11	0.000927467366A
19:21:12	0.00092759357A
19:21:13	0.000927754329A
19:21:14	0.000928039922A
19:21:15	0.000928021201A
19:21:16	0.000939671641A
19:21:17	0.00103536364A
19:21:18	0.00103671774A
19:21:19	0.0010383861A
19:21:20	0.00103952385A
19:21:21	0.00104050261A
19:21:22	0.00104127561A
19:21:23	0.00104191238A
19:21:24	0.00104252638A
19:21:25	0.00104291142A
19:21:26	0.00104339406A
19:21:27	0.0010437668A
19:21:28	0.00104410696A
19:21:29	0.00104427599A
19:21:30	0.0010444031A
19:21:31	0.00104477713A
19:21:32	0.0010451389A
19:21:33	0.00104550069A
19:21:34	0.00104573097A
19:21:35	0.00104586368A
19:21:36	0.00105740855A
19:21:37	0.00116438766A
19:21:38	0.00116791666A
19:21:39	0.00116996452A
19:21:40	0.00117136227A
19:21:41	0.0011725126A
19:21:42	0.00117325174A
19:21:43	0.0011740281A
19:21:44	0.00117471296A
19:21:45	0.00117502093A
19:21:46	0.00117564552A
19:21:47	0.00117593139A
19:21:48	0.00117657562A
19:21:49	0.00117695171A
19:21:50	0.00117722253A
19:21:51	0.00117768592A
19:21:52	0.00117809085A
19:21:53	0.00117848786A
19:21:54	0.00117879265A
19:21:55	0.00117902411A
19:21:56	0.00119300547A
19:21:57	0.00130559325A
19:21:58	0.00130932855A
19:21:59	0.00131138978A
19:22:00	0.00131260125A
19:22:01	0.00131401578A
19:22:02	0.00131498763A
19:22:03	0.0013157421A
19:22:04	0.00131656361A
19:22:05	0.00131687912A
19:22:06	0.00131742607A
19:22:07	0.00131796476A
19:22:08	0.00131842624A
19:22:09	0.00131892663A
19:22:10	0.00131926617A
19:22:11	0.00131990025A
19:22:12	0.00132043449A
19:22:13	0.00132093388A
19:22:14	0.00132125437A
19:22:15	0.00132138805A
19:22:16	0.00133714796A
19:22:17	0.00145863368A
19:22:18	0.00146260973A
19:22:19	0.00146479146A
19:22:20	0.00146612247A
19:22:21	0.00146781912A
19:22:22	0.00146872429A
19:22:23	0.00146965581A
19:22:24	0.00147050123A
19:22:25	0.00147105857A
19:22:26	0.00147212386A
19:22:27	0.00147273315A
19:22:28	0.00147327626A
19:22:29	0.00147398372A
19:22:30	0.00147429587A
19:22:31	0.00147504614A
19:22:32	0.00147562319A
19:22:33	0.00147591402A
19:22:34	0.00147662385A
19:22:35	0.00147698087A
19:22:36	0.00149326647A
19:22:37	0.00162829102A
19:22:38	0.00163285115A
19:22:39	0.0016352301A
19:22:40	0.00163694323A
19:22:41	0.00163862558A
19:22:42	0.00163990169A
19:22:43	0.0016408228A
19:22:44	0.00164166515A
19:22:45	0.00164243772A
19:22:46	0.00164344645A
19:22:47	0.00164428984A
19:22:48	0.00164499341A
19:22:49	0.00164562843A
19:22:50	0.00164613217A
19:22:51	0.00164710071A
19:22:52	0.0016477806A
19:22:53	0.00164824419A
19:22:54	0.00164898563A
19:22:55	0.00164944419A
19:22:56	0.00166236707A
19:22:57	0.00180425402A
19:22:58	0.00180903442A
19:22:59	0.00181155888A
19:23:00	0.00181330743A
19:23:01	0.00181500453A
19:23:02	0.00181638384A
19:23:03	0.00181756596A
19:23:04	0.00181868767A
19:23:05	0.00181955913A
19:23:06	0.00182061789A
19:23:07	0.00182142421A
19:23:08	0.00182210712A
19:23:09	0.00182292305A
19:23:10	0.00182355699A
19:23:11	0.00182449225A
19:23:12	0.00182536365A
19:23:13	0.00182622303A
19:23:14	0.00182695583A
19:23:15	0.00182733519A
19:23:16	0.00183989157A
19:23:17	0.00198693458A
19:23:18	0.00199220563A
19:23:19	0.00199484494A
19:23:20	0.00199679511A
19:23:21	0.00199871456A
19:23:22	0.00200010576A
19:23:23	0.00200134636A
19:23:24	0.00200244847A
19:23:25	0.00200334081A
19:23:26	0.00200452357A
19:23:27	0.00200558218A
19:23:28	0.00200646515A
19:23:29	0.00200737334A
19:23:30	0.00200811587A
19:23:31	0.00200914594A
19:23:32	0.00200995321A
19:23:33	0.00201111297A
19:23:34	0.0020116899A
19:23:35	0.00201243675A
19:23:36	0.00202236134A
19:23:37	0.00217514726A
19:23:38	0.00218116027A
19:23:39	0.00218360992A
19:23:40	0.00218549569A
19:23:41	0.00218722902A
19:23:42	0.00218867264A
19:23:43	0.00219012883A
19:23:44	0.00219102442A
19:23:45	0.00219183365A
19:23:46	0.00219299469A
19:23:47	0.00219402473A
19:23:48	0.00219512522A
19:23:49	0.00219609398A
19:23:50	0.0021970195A
19:23:51	0.00219807058A
19:23:52	0.00219899082A
19:23:53	0.00219994588A
19:23:54	0.00220076723A
19:23:55	0.00220141381A
19:23:56	0.00221291031A
19:23:57	0.00235607158A
19:23:58	0.00236210571A
19:23:59	0.00236498328A
19:24:00	0.00236691566A
19:24:01	0.00236876934A
19:24:02	0.00237021314A
19:24:03	0.0023715875A
19:24:04	0.00237288575A
19:24:05	0.00237396532A
19:24:06	0.00237502864A
19:24:07	0.00237614757A
19:24:08	0.00237727288A
19:24:09	0.00237820024A
19:24:10	0.00237900388A
19:24:11	0.00238024508A
19:24:12	0.00238125496A
19:24:13	0.00238212134A
19:24:14	0.00238327978A
19:24:15	0.00238412349A
19:24:16	0.00238515322A
19:24:17	0.0023862206A
19:24:18	0.00238720694A
19:24:19	0.00238817416A
19:24:20	0.00238906563A
19:24:21	0.00238992759A
19:24:22	0.0023909957A
19:24:23	0.00239193805A
19:24:24	0.0023928715A
19:24:25	0.00239358979A
19:24:26	0.00239472146A
19:24:27	0.00239568065A
19:24:28	0.00239649169A
19:24:29	0.00239766791A
19:24:30	0.00239841947A
19:24:31	0.00239935271A
19:24:32	0.0024003508A
19:24:33	0.00240138077A
19:24:34	0.00240234305A
19:24:35	0.00240312907A
19:24:36	0.00240422737A
19:24:37	0.00240529949A
19:24:38	0.00240616452A
19:24:39	0.00240708404A
19:24:40	0.00240796381A
19:24:41	0.00240903214A
19:24:42	0.00241012387A
19:24:43	0.00241090378A
19:24:44	0.00241204744A
19:24:45	0.00241269803A
19:24:46	0.00241366608A
19:24:47	0.00241471759A
19:24:48	0.00241554978A
19:24:49	0.002416631A
19:24:50	0.00241722359A
19:24:51	0.00241809694A
19:24:52	0.00241913361A
19:24:53	0.00241998099A
19:24:54	0.00242093046A
19:24:55	0.00242174325A
19:24:56	0.00242255821A
19:24:57	0.0024235304A
19:24:58	0.0024244735A
19:24:59	0.00242532535A
19:25:00	0.00242606756A
19:25:01	0.00242712774A
19:25:02	0.00242810417A
19:25:03	0.00242908273A
19:25:04	0.00242990106A
19:25:05	0.00243080887A
19:25:06	0.00243141068A
19:25:07	0.00243248728A
19:25:08	0.00243334855A
19:25:09	0.00243430042A
19:25:10	0.0024350018A
19:25:11	0.002436018A
19:25:12	0.00243689067A
19:25:13	0.00243803925A
19:25:14	0.00243880001A
19:25:15	0.00243970581A
19:25:16	0.00244054102A
19:25:17	0.0024415439A
19:25:18	0.00244225394A
19:25:19	0.00244337369A
19:25:20	0.00244407701A
19:25:21	0.00244503431A
19:25:22	0.00244584713A
19:25:23	0.00244667738A
19:25:24	0.00244754093A
19:25:25	0.00244829987A
19:25:26	0.00244931592A
19:25:27	0.00245017669A
19:25:28	0.00245124554A
19:25:29	0.00245213786A
19:25:30	0.0024529275A
19:25:31	0.0024537053A
19:25:32	0.00245464506A
19:25:33	0.00245544483A
19:25:34	0.00245637523A
19:25:35	0.00245709466A
19:25:36	0.00245796491A
19:25:37	0.00245892912A
19:25:38	0.00245975873A
19:25:39	0.00246070123A
19:25:40	0.00246146524A
19:25:41	0.00246234882A
19:25:42	0.00246330106A
19:25:43	0.00246405366A
19:25:44	0.00246484913A
19:25:45	0.00246574922A
19:25:46	0.00246643801A
19:25:47	0.00246753823A
19:25:48	0.00246826276A
19:25:49	0.00246908833A
19:25:50	0.00246977285A
19:25:51	0.00247057278A
19:25:52	0.00247144035A
19:25:53	0.00247231621A
19:25:54	0.00247296948A
19:25:55	0.00247366897A
19:25:56	0.0024744249A
19:25:57	0.00247539197A
19:25:58	0.0024763659A
19:25:59	0.00247722091A
19:26:00	0.00247786713A
19:26:01	0.00247874977A
19:26:02	0.00247968041A
19:26:03	0.00248063952A
19:26:04	0.0024813304A
19:26:05	0.00248229036A
19:26:06	0.00248312637A
19:26:07	0.00248428765A
19:26:08	0.00248484385A
19:26:09	0.0024859058A
19:26:10	0.00248642549A
19:26:11	0.00248736264A
19:26:12	0.00248825676A
19:26:13	0.00248914573A
19:26:14	0.00248978871A
19:26:15	0.00249048035A
19:26:16	0.00249129586A
19:26:17	0.0024923067A
19:26:18	0.00249283569A
19:26:19	0.00249356599A
19:26:20	0.00249429915A
19:26:21	0.00249519453A
19:26:22	0.00303019789A
19:26:23	0.00303818758A
19:26:24	0.00303840676A
19:26:25	0.00303870447A
19:26:26	0.00303870109A
19:26:27	0.00303938804A
19:26:28	0.00303965522A
19:26:29	0.00304062354A
19:26:30	0.00304091125A
19:26:31	0.00304153104A
19:26:32	0.00304248097A
19:26:33	0.00304299537A
19:26:34	0.00304411122A
19:26:35	0.00304480416A
19:26:36	0.00304532822A
19:26:37	0.00304658988A
19:26:38	0.00304738453A
19:26:39	0.0030482298A
19:26:40	0.00304885251A
19:26:41	0.0030499494A
19:26:42	0.00305114379A
19:26:43	0.00305208064A
19:26:44	0.00305301554A
19:26:45	0.00305379377A
19:26:46	0.00305484201A
19:26:47	0.00305596382A
19:26:48	0.00305691187A
19:26:49	0.0030579489A
19:26:50	0.0030587458A
19:26:51	0.00305990501A
19:26:52	0.00306084577A
19:26:53	0.00306176931A
19:26:54	0.003062826A
19:26:55	0.00306377681A
19:26:56	0.00306446155A
19:26:57	0.00306628014A
19:26:58	0.0030669599A
19:26:59	0.00306812901A
19:27:00	0.00306941005A
19:27:01	0.00307031945A
19:27:02	0.00307209968A
19:27:03	0.00307331824A
19:27:04	0.00307418322A
19:27:05	0.00307524835A
19:27:06	0.00307575623A
19:27:07	0.00307726155A
19:27:08	0.00307803211A
19:27:09	0.00307803455A
19:27:10	0.00307914664A
19:27:11	0.0030798047A
19:27:12	0.00308135637A
19:27:13	0.00308209603A
19:27:14	0.00308274833A
19:27:15	0.00308332434A