16:49:17	0.000903781421
16:49:18	0.000903536669
16:49:19	0.000901891749
16:49:20	0.000904179646
16:49:21	0.00090225067
16:49:22	0.000903558403
16:49:23	0.000903378942
16:49:24	0.000902709701
16:49:25	0.000903834922
16:49:26	0.00090071312
16:49:27	0.0016789253
16:49:28	0.00167794062
16:49:29	0.00168048661
16:49:30	0.00167965465
16:49:31	0.00168119044
16:49:32	0.00168077515
16:49:33	0.00168100333
16:49:34	0.00168110705
16:49:35	0.00168062559
16:49:36	0.00168053621
16:49:37	0.00245109272
16:49:38	0.00245523308
16:49:39	0.0024531548
16:49:40	0.00245477551
16:49:41	0.00245218455
16:49:42	0.00245361998
16:49:43	0.00245389245
16:49:44	0.00245373336
16:49:45	0.00245381107
16:49:46	0.0024500901
16:49:47	0.00324883706
16:49:48	0.00324571822
16:49:49	0.00324842556
16:49:50	0.00324420543
16:49:51	0.0032455889
16:49:52	0.00324518525
16:49:53	0.00324655839
16:49:54	0.00324618076
16:49:55	0.00324582975
16:49:56	0.00324553066
16:49:57	0.00401500411
16:49:58	0.00402145847
16:49:59	0.00401657573
16:50:00	0.00401984359
16:50:01	0.00401647676
16:50:02	0.00401873372
16:50:03	0.00401926662
16:50:04	0.0040181202
16:50:05	0.00401809518
16:50:06	0.0040141591
16:50:07	0.00478984412
16:50:08	0.00478843491
16:50:09	0.0047919947
16:50:10	0.00478718001
16:50:11	0.00478662937
16:50:12	0.00478871746
16:50:13	0.00478688633
16:50:14	0.00479087935
16:50:15	0.0047865604
16:50:16	0.00478708729
16:50:17	0.00555593291
16:50:18	0.0055597571
16:50:19	0.00555839844
16:50:20	0.00555788211
16:50:21	0.0055589339
16:50:22	0.00555556148
16:50:23	0.0055626136
16:50:24	0.0055555664
16:50:25	0.00556178009
16:50:26	0.00555378089
16:50:27	0.00635340095
16:50:28	0.00635278701
16:50:29	0.00635131984
16:50:30	0.00635473978
16:50:31	0.00634907247
16:50:32	0.00635518131
16:50:33	0.00634888295
16:50:34	0.00635335191
16:50:35	0.00635098691
16:50:36	0.00634748426
16:50:37	0.00712031239
16:50:38	0.00711595205
16:50:39	0.00712335202
16:50:40	0.00711573072
16:50:41	0.00712023683
16:50:42	0.00711448788
16:50:43	0.0071171747
16:50:44	0.00711803554
16:50:44	0.00711269104
16:50:46	0.00711731832
16:50:47	0.00790078013
16:50:48	0.00790762368
16:50:49	0.00790262167
16:50:50	0.00790730603
16:50:51	0.00790360592
16:50:52	0.00790474273
16:50:53	0.00790588853
16:50:54	0.0079026658
16:50:55	0.00790922179
16:50:56	0.0078980225
16:50:57	0.00867618701
16:50:58	0.00867027576
16:50:59	0.00867390769
16:51:00	0.00867059551
16:51:01	0.00866451988
16:51:02	0.00866802365
16:51:03	0.00866740532
16:51:04	0.00867086496
16:51:05	0.00866031384
16:51:06	0.00866582252
16:51:06	0.00942988939
16:51:08	0.00944088323
16:51:09	0.00943434792
16:51:10	0.00943929318
16:51:11	0.00943167104
16:51:12	0.00943782267
16:51:13	0.0094353196
16:51:14	0.0094374263
16:51:15	0.00943707325
16:51:16	0.00943134791
16:51:17	0.0102246601
16:51:18	0.0102234323
16:51:19	0.0102277892
16:51:20	0.0102230026
16:51:21	0.0102283897
16:51:22	0.0102240389
16:51:23	0.0102345795
16:51:24	0.0102233205
16:51:25	0.010234179
16:51:26	0.0102196387
16:51:27	0.0110012198
16:51:28	0.0109962973
16:51:29	0.0110032891
16:51:30	0.0109985533
16:51:31	0.0109987378
16:51:32	0.0109995299
16:51:33	0.0109974068
16:51:34	0.0110040729
16:51:35	0.0109920454
16:51:36	0.0110008608
16:51:37	0.0117636661
16:51:38	0.0117764505
16:51:39	0.0117684742
16:51:40	0.0117738797
16:51:41	0.0117662357
16:51:42	0.0117715802
16:51:43	0.0117700035
16:51:44	0.0117713175
16:51:45	0.0117737505
16:51:46	0.0117635544
16:51:47	0.012541086
16:51:48	0.0125326672
16:51:49	0.012545567
16:51:50	0.0125319083
16:51:51	0.012543097
16:51:52	0.0125269178
16:51:53	0.0125407411
16:51:54	0.0125298872
16:51:55	0.0125378965
16:51:56	0.0125307749
16:51:57	0.0132995548
16:51:58	0.0133007104
16:51:59	0.0133020265
16:52:00	0.0133038729
16:52:01	0.0132977497
16:52:02	0.0133044067
16:52:03	0.0132971401
16:52:04	0.0133083209
16:52:05	0.013295175
16:52:06	0.0133061745
16:52:07	0.0140838445
16:52:08	0.0140972821
16:52:09	0.0140850231
16:52:10	0.0140938975
16:52:11	0.014088704
16:52:12	0.0140932557
16:52:13	0.0140940116
16:52:14	0.0140914037
16:52:15	0.0140980193
16:52:16	0.0140836567
16:52:17	0.0148659871
16:52:18	0.0148522985
16:52:19	0.0148706243
16:52:20	0.014853142
16:52:21	0.0148610607
16:52:22	0.0148527197
16:52:23	0.0148611618
16:52:24	0.014859411
16:52:25	0.0148528067
16:52:26	0.0148579468
16:52:27	0.0156173381
16:52:28	0.0156366277
16:52:29	0.0156190001
16:52:30	0.015632163
16:52:31	0.0156212703
16:52:32	0.0156232608
16:52:33	0.0156276787
16:52:34	0.015620987
16:52:35	0.0156331544
16:52:36	0.0156134075
16:52:37	0.0164187043
16:52:38	0.0164047333
16:52:39	0.0164181665
16:52:40	0.0164078477
16:52:41	0.0164039158
16:52:42	0.0164092825
16:52:43	0.0163968214
16:52:44	0.0164135463
16:52:45	0.0163989222
16:52:46	0.0164107652
16:52:47	0.0171672556
16:52:48	0.0171788114
16:52:49	0.0171733517
16:52:50	0.0171723603
16:52:51	0.0171802358
16:52:52	0.0171639868
16:52:53	0.0171831398
16:52:54	0.0171615745
16:52:55	0.0171802319
16:52:56	0.0171625504
16:52:57	0.0179392738
16:52:58	0.0179394087
16:52:59	0.0179396898
16:52:59	0.0179479053
16:53:01	0.0179297663
16:53:02	0.0179452967
16:53:03	0.0179277346
16:53:04	0.0179422484
16:53:05	0.0179316519
16:53:06	0.0179427796
16:53:07	0.0187301068
16:53:08	0.0187279948
16:53:09	0.0187397155
16:53:10	0.0187184535
16:53:11	0.0187372576
16:53:12	0.018714381
16:53:13	0.0187309471
16:53:14	0.0187288537
16:53:15	0.0187233002
16:53:16	0.0187346189
16:53:17	0.0194799374
16:53:18	0.0195072476
16:53:19	0.0194907789
16:53:20	0.0195074407
16:53:21	0.0194993743
16:53:22	0.0194936577
16:53:23	0.0195071694
16:53:24	0.0194905265
16:53:25	0.0195094093
16:53:26	0.0194903685
16:53:27	0.0202700272
16:53:28	0.0202658534
16:53:29	0.0202708832
16:53:30	0.0202731957
16:53:31	0.0202604951
16:53:32	0.0202767729
16:53:33	0.0202581546
16:53:34	0.020275254
16:53:35	0.0202619314
16:53:36	0.0202704865
16:53:37	0.0210395569
16:53:38	0.021033243
16:53:39	0.0210469652
16:53:40	0.0210298375
16:53:41	0.0210480041
16:53:42	0.0210273427
16:53:43	0.0210465395
16:53:44	0.0210294614
16:53:45	0.0210335544
16:53:46	0.0210393534
16:53:47	0.0218240448
16:53:48	0.0218441642
16:53:48	0.0218266097
16:53:50	0.0218445226
16:53:51	0.0218279129
16:53:52	0.0218369797
16:53:53	0.0218260211
16:53:54	0.021833392
16:53:55	0.0218331688
16:53:55	0.0218293603
16:53:57	0.0226147147
16:53:58	0.022603054
16:53:59	0.0226266232
16:54:00	0.0226042668
16:54:01	0.022622987
16:54:02	0.0226050005
16:54:03	0.0226194575
16:54:04	0.0226109707
16:54:05	0.022615788
16:54:06	0.0226225816
16:54:07	0.023382446
16:54:08	0.0234080451
16:54:09	0.0233878567
16:54:10	0.0234070645
16:54:11	0.0233922606
16:54:12	0.0233983181
16:54:13	0.0233984931
16:54:14	0.02339233
16:54:15	0.0234053012
16:54:16	0.0233879205
16:54:17	0.0241800824
16:54:18	0.0241650467
16:54:19	0.0241892582
16:54:20	0.0241726673
16:54:21	0.0241828906
16:54:22	0.0241785462
16:54:23	0.0241724862
16:54:24	0.0241880257
16:54:25	0.0241639767
16:54:26	0.0241835333
16:54:27	0.0249574944
16:54:28	0.0249842061
16:54:29	0.0249748965
16:54:30	0.0249756509
16:54:31	0.0249793097
16:54:32	0.0249690848
16:54:33	0.0249885849
16:54:34	0.0249665552
16:54:35	0.02499022
16:54:36	0.0249645633
16:54:37	0.0257530656
16:54:38	0.0257546528
16:54:39	0.0257582727
16:54:40	0.0257698141
16:54:41	0.0257473359
16:54:42	0.0257685892
16:54:43	0.0257429859
16:54:44	0.0257655251
16:54:45	0.0257445581
16:54:46	0.0257631305
16:54:47	0.0265253707
16:54:48	0.0265452061
16:54:49	0.0265455622
16:54:50	0.0265361154
16:54:51	0.026554731
16:54:52	0.0265341083
16:54:53	0.0265628293
16:54:54	0.0265335749
16:54:55	0.0265576116
16:54:56	0.0265417354
16:54:57	0.0273268421
16:54:58	0.0273360489
16:54:59	0.0273276944
16:55:00	0.0273445002
16:55:01	0.0273296416
16:55:02	0.0273500851
16:55:03	0.0273282545
16:55:04	0.0273477571
16:55:05	0.0273335813
16:55:06	0.0273487931
16:55:07	0.0281570891
16:55:08	0.0281678121
16:55:09	0.0281785759
16:55:10	0.0281553919
16:55:11	0.0281796761
16:55:12	0.0281535069
16:55:13	0.0281781279
16:55:14	0.0281632411
16:55:15	0.0281662449
16:55:16	0.0281715639
16:55:17	0.0289319256
16:55:18	0.0289649358
16:55:19	0.0289424597
16:55:20	0.0289725795
16:55:21	0.028945812
16:55:22	0.0289606907
16:55:23	0.0289512874
16:55:24	0.0289564462
16:55:25	0.0289606077
16:55:26	0.0289486557
16:55:27	0.0297653266
16:55:28	0.0297560599
16:55:29	0.0297820945
16:55:30	0.0297554076
16:55:31	0.0297875603
16:55:32	0.0297541366
16:55:32	0.0297764331
16:55:34	0.0297620361
16:55:35	0.0297734923
16:55:36	0.0297686212
16:55:37	0.0305344653
16:55:38	0.0305622842
16:55:39	0.0305476238
16:55:40	0.0305699184
16:55:41	0.0305481071
16:55:42	0.0305706355
16:55:43	0.0305481553
16:55:44	0.0305756489
16:55:45	0.0305473353
16:55:46	0.0305731667
16:55:47	0.0313403219
16:55:48	0.0313604815
16:55:49	0.031366148
16:55:50	0.0313525372
16:55:51	0.0313757629
16:55:52	0.0313463514
16:55:53	0.031378301
16:55:54	0.0313437858
16:55:55	0.031378482
16:55:56	0.0313484146
16:55:57	0.0321754475
16:55:58	0.0321715437
16:55:59	0.0321841593
16:56:00	0.0321835432
16:56:01	0.0321752259
16:56:02	0.0321913713
16:56:03	0.0321702867
16:56:04	0.0321966704
16:56:05	0.0321732714
16:56:06	0.0321854438
16:56:07	0.032956331
16:56:08	0.0329757129
16:56:09	0.0329972612
16:56:10	0.0329753039
16:56:11	0.032994358
16:56:12	0.0329793373
16:56:13	0.0329908347
16:56:14	0.0329909473
16:56:15	0.0329793098
16:56:16	0.0330005413
16:56:17	0.0336996384
16:56:18	0.0338053555
16:56:19	0.0337851038
16:56:20	0.0338033428
16:56:21	0.0338019026
16:56:22	0.033791238
16:56:23	0.0338085818
16:56:24	0.0337887867
16:56:25	0.0338104389
16:56:26	0.0337877231
16:56:27	0.0345913618
16:56:28	0.0346006033
16:56:29	0.0345974016
16:56:30	0.0346185864
16:56:31	0.0345901503
16:56:32	0.0346115976
16:56:33	0.0345959952
16:56:34	0.0346101455
16:56:35	0.0346062828
16:56:36	0.0345948822
16:56:37	0.0353504088
16:56:38	0.0354010987
16:56:39	0.0354245641
16:56:40	0.0354118057
16:56:41	0.0354197072
16:56:42	0.0354196888
16:56:43	0.0354167684
16:56:44	0.0354291004
16:56:45	0.035405644
16:56:46	0.0354318205
16:56:47	0.0361730025
16:56:48	0.0362508437
16:56:49	0.0362447997
16:56:50	0.0362396183
16:56:51	0.0362600076
16:56:52	0.0362384651
16:56:53	0.0362630734
16:56:54	0.0362430493
16:56:55	0.0362540954
16:56:56	0.0362533861
16:56:57	0.0369907735
16:56:58	0.0370698925
16:56:59	0.0370456936
16:57:00	0.0370749815
16:57:01	0.0370602205
16:57:02	0.0370632296
16:57:03	0.0370711205
16:57:04	0.037053059
16:57:05	0.0370769968
16:57:06	0.0370525206
16:57:07	0.0377815053
16:57:08	0.0378724464
16:57:09	0.0378727619
16:57:10	0.037889467
16:57:11	0.037872533
16:57:12	0.0378928601
16:57:13	0.0378750374
16:57:14	0.0378923977
16:57:15	0.0378853834
16:57:16	0.037879909
16:57:17	0.0386071322
16:57:18	0.0386732546
16:57:19	0.0387042802
16:57:20	0.0386876906
16:57:21	0.0386994748
16:57:22	0.0386968826
16:57:23	0.0386883795
16:57:24	0.0387074329
16:57:25	0.0386885921
16:57:26	0.0387132956
16:57:27	0.0394228532
16:57:28	0.0395512453
16:57:29	0.0395373893
16:57:30	0.0395424622
16:57:31	0.0395528285
16:57:32	0.0395333294
16:57:33	0.0395635426
16:57:34	0.0395372562
16:57:35	0.0395647125
16:57:36	0.0395434587
16:57:37	0.0402658945
16:57:38	0.0403641283
16:57:39	0.0403754827
16:57:40	0.0403852152
16:57:41	0.0403682969
16:57:42	0.0403944489
16:57:43	0.0403684541
16:57:44	0.0403994661
16:57:45	0.0403817756
16:57:46	0.0403874458
16:57:47	0.0411060916
16:57:48	0.0411978704
16:57:49	0.041225758
16:57:50	0.0411913523
16:57:51	0.0412255352
16:57:52	0.0412011474
16:57:53	0.0412133815
16:57:54	0.041221577
16:57:55	0.041208414
16:57:56	0.041231331
16:57:57	0.0418705603
16:57:58	0.0420702133
16:57:59	0.0420543495
16:58:00	0.0420656692
16:58:01	0.0420749479
16:58:02	0.0420524522
16:58:03	0.0420834951
16:58:04	0.0420545057
16:58:05	0.042086236
16:58:06	0.042061768
16:58:07	0.0427899008
16:58:08	0.0428971278
16:58:09	0.0428841661
16:58:10	0.0429130805
16:58:11	0.0428858753
16:58:12	0.0429105557
16:58:13	0.0428954367
16:58:14	0.042905198
16:58:15	0.0429083242
16:58:16	0.0428867726
16:58:17	0.043554353
16:58:18	0.043701202
16:58:19	0.0437335526
16:58:20	0.0437238175
16:58:21	0.0437214294
16:58:22	0.0437397971
16:58:23	0.0437079031
16:58:24	0.0437506085
16:58:25	0.0437141721
16:58:26	0.0437385468
16:58:27	0.0443900896
16:58:28	0.04456306
16:58:29	0.0446015295
16:58:30	0.0445701412
16:58:30	0.0446077761
16:58:32	0.04456974
16:58:33	0.0445952467
16:58:34	0.0445902224
16:58:35	0.0445769073
16:58:36	0.0446020268
16:58:37	0.0452243416
16:58:38	0.0454330453
16:58:39	0.0454130858
16:58:40	0.0454372182
16:58:41	0.0454337822
16:58:42	0.0454248942
16:58:43	0.0454446058
16:58:44	0.0454154405
16:58:45	0.0454585974
16:58:46	0.0454125266
16:58:47	0.0461185095
16:58:48	0.0462595621
16:58:49	0.0462652657
16:58:50	0.0462874852
16:58:50	0.0462559391
16:58:52	0.0462937417
16:58:53	0.0462585577
16:58:54	0.0462874454
16:58:55	0.0462832608
16:58:56	0.0462621833
16:58:57	0.0469366451
16:58:58	0.0470777932
16:58:59	0.0471247999
16:59:00	0.0470993106
16:59:01	0.0471114739
16:59:02	0.0471116541
16:59:03	0.0470853121
16:59:04	0.0471281581
16:59:05	0.0470732391
16:59:06	0.0471047175
16:59:07	0.0477560695
16:59:08	0.0479368719
16:59:09	0.0479719271
16:59:10	0.0479217173
16:59:11	0.0479688379
16:59:12	0.0479196552
16:59:13	0.047958184
16:59:14	0.047951728
16:59:15	0.0479421486
16:59:16	0.0479722268
16:59:17	0.0485963108
16:59:18	0.0488119669
16:59:19	0.0487728217
16:59:20	0.048809201
16:59:21	0.0487918728
16:59:22	0.048780176
16:59:23	0.0488115062
16:59:24	0.0487752009
16:59:25	0.0488283118
16:59:26	0.0487731159
16:59:27	0.0494571113
16:59:28	0.0496366817
16:59:29	0.0496372117
16:59:30	0.0496687337
16:59:31	0.0496248883
16:59:32	0.0496716547
16:59:33	0.0496319467
16:59:34	0.0496638671
16:59:35	0.0496602778
16:59:36	0.0496453128
16:59:37	0.0502755072
16:59:38	0.0504753494
16:59:39	0.0505257983
16:59:40	0.0504948706
16:59:41	0.0505178227
16:59:42	0.0505133291
16:59:43	0.0504954094
16:59:44	0.0505440737
16:59:45	0.050493024
16:59:46	0.0505390743
16:59:47	0.0511141306
16:59:48	0.0513986621
16:59:49	0.0514199687
16:59:50	0.0513936962
16:59:51	0.0514473305
16:59:52	0.0513976808
16:59:53	0.0514402296
16:59:54	0.0514248631
16:59:55	0.0514170431
16:59:56	0.0514517552
16:59:57	0.051967698
16:59:58	0.0523017447
16:59:59	0.0522757523
17:00:00	0.0523036429
17:00:01	0.0523059539
17:00:02	0.0522772101
17:00:03	0.0523269828
17:00:04	0.0522761633
17:00:05	0.0523230508
17:00:06	0.0522945542
17:00:07	0.0529093394
17:00:08	0.0531746721
17:00:09	0.0531548376
17:00:10	0.0532050146
17:00:11	0.0531592206
17:00:12	0.0532022518
17:00:13	0.0531786789
17:00:14	0.053183866
17:00:15	0.0532066321
17:00:16	0.0531682164
17:00:17	0.0538059311
17:00:18	0.0540443219
17:00:19	0.054105413
17:00:20	0.0540835419
17:00:21	0.0540755967
17:00:22	0.054100741
17:00:23	0.0540580855
17:00:24	0.0541167052
17:00:25	0.0540739743
17:00:26	0.0541167716
17:00:27	0.0546527027
17:00:28	0.0549551405
17:00:29	0.0550037167
17:00:30	0.054956539
17:00:31	0.0550094549
17:00:32	0.0549635413
17:00:33	0.0549927684
17:00:34	0.0550056696
17:00:35	0.054984063
17:00:36	0.0550391579
17:00:37	0.0554803651
17:00:38	0.0558637985
17:00:39	0.0558660042
17:00:40	0.0558629309
17:00:41	0.0559077468
17:00:42	0.0558570452
17:00:43	0.0559122507
17:00:44	0.0558725834
17:00:45	0.0558957283
17:00:46	0.0559078199
17:00:47	0.056447471
17:00:48	0.056785506
17:00:49	0.0567428269
17:00:50	0.0567879349
17:00:51	0.0567799324
17:00:52	0.0567687836
17:00:53	0.0568065028
17:00:54	0.0567599808
17:00:55	0.056820226
17:00:56	0.0567708624
17:00:57	0.0573766458
17:00:58	0.0577105661
17:00:59	0.0576896714
17:01:00	0.0577461048
17:01:01	0.0576902138
17:01:02	0.0577571406
17:01:03	0.057710961
17:01:04	0.0577465219
17:01:05	0.0577456429
17:01:06	0.0577240188
17:01:07	0.0583028838
17:01:07	0.0586001515
17:01:09	0.0586723557
17:01:10	0.0586281666
17:01:11	0.0586612303
17:01:12	0.058658151
17:01:13	0.0586497967
17:01:13	0.0586876548
17:01:15	0.0586402867
17:01:16	0.0587047049
17:01:17	0.0591459448
17:01:18	0.0595834793
17:01:19	0.0595656352
17:01:20	0.0595766956
17:01:21	0.0596162523
17:01:22	0.0595646346
17:01:23	0.0596181743
17:01:24	0.0595865652
17:01:25	0.0596184803
17:01:26	0.0596150715
17:01:27	0.0601523601
17:01:28	0.0605419673
17:01:29	0.0605073319
17:01:30	0.0605615521
17:01:31	0.0605517701
17:01:32	0.0605513544
17:01:33	0.0605870247
17:01:34	0.0605460072
17:01:35	0.0605897056
17:01:36	0.0605737762
17:01:37	0.0611488052
17:01:38	0.0614928727
17:01:39	0.0614524336
17:01:40	0.0614965524
17:01:41	0.0614895819
17:01:42	0.0614722293
17:01:43	0.0615089398
17:01:44	0.0614697477
17:01:45	0.0615040083
17:01:46	0.0614882043
17:01:47	0.0619959098
17:01:48	0.0624208763
17:01:49	0.0623836748
17:01:50	0.0624308331
17:01:51	0.0624196112
17:01:52	0.0624058005
17:01:53	0.0624444054
17:01:54	0.0624114249
17:01:55	0.0624531679
17:01:56	0.0624295854
17:01:57	0.0629532995
17:01:58	0.063358316
17:01:59	0.0633251921
17:02:00	0.0633861306
17:02:01	0.0633558424
17:02:02	0.0633800564
17:02:03	0.0633890537
17:02:04	0.0633844974
17:02:05	0.0634175783
17:02:06	0.0633879687
17:02:07	0.0639453407
17:02:08	0.0643250738
17:02:09	0.0643550911
17:02:10	0.0643697148
17:02:11	0.0643451184
17:02:12	0.0643980061
17:02:13	0.0643523281
17:02:14	0.064389335
17:02:15	0.064377766
17:02:16	0.0643747024
17:02:17	0.0649192456
17:02:18	0.0652901771
17:02:19	0.0653393805
17:02:20	0.0653103673
17:02:21	0.0653515535
17:02:22	0.0653479119
17:02:23	0.065338883
17:02:24	0.0653690579
17:02:25	0.0653282903
17:02:26	0.0653845441
17:02:27	0.0658616271
17:02:28	0.0662933847
17:02:29	0.0663200133
17:02:30	0.0663008434
17:02:31	0.0663474452
17:02:32	0.0663117141
17:02:33	0.0663462685
17:02:34	0.0663429053
17:02:35	0.0663473396
17:02:36	0.0663657619
17:02:37	0.0668580535
17:02:38	0.0673178456
17:02:38	0.067303061
17:02:40	0.067337219
17:02:41	0.0673429711
17:02:42	0.0673159323
17:02:43	0.0673592135
17:02:44	0.0673338086
17:02:45	0.0673659891
17:02:46	0.0673597223
17:02:47	0.0678996906
17:02:48	0.0683064068
17:02:49	0.0682949042
17:02:50	0.0683342622
17:02:51	0.0683220756
17:02:52	0.068331642
17:02:53	0.0683398701
17:02:54	0.0683130018
17:02:55	0.0683611184
17:02:56	0.0683182178
17:02:57	0.0688880542
17:02:58	0.0692715208
17:02:59	0.0693065463
17:03:00	0.0693278004
17:03:01	0.0693128022
17:03:02	0.0693613801
17:03:03	0.0693173136
17:03:04	0.0693707761
17:03:05	0.0693392828
17:03:06	0.0693722557
17:03:07	0.0698907079
17:03:08	0.0702965706
17:03:09	0.0703486661
17:03:10	0.0703231181
17:03:11	0.0703656781
17:03:12	0.0703472315
17:03:13	0.0703639912
17:03:14	0.0703767955
17:03:15	0.0703440737
17:03:16	0.0703977579
17:03:17	0.0708944357
17:03:18	0.0713699297
17:03:19	0.0713760254
17:03:20	0.0713848478
17:03:21	0.0714143292
17:03:22	0.0713859044
17:03:23	0.0714251939
17:03:24	0.0713984263
17:03:25	0.0714223797
17:03:26	0.0714299057
17:03:27	0.0718771261
17:03:28	0.0724047441
17:03:29	0.0723784423
17:03:30	0.0724160133
17:03:31	0.0724289583
17:03:32	0.0724029814
17:03:33	0.0724465664
17:03:34	0.0724148374
17:03:35	0.0724439974
17:03:36	0.072449657
17:03:37	0.0729605791
17:03:38	0.0734200205
17:03:39	0.0733838932
17:03:40	0.0734290561
17:03:41	0.0734318684
17:03:42	0.0734140631
17:03:43	0.0734490829
17:03:44	0.0734171731
17:03:45	0.0734539529
17:03:46	0.0734507121
17:03:47	0.0738900779
17:03:48	0.074433559
17:03:49	0.0744067937
17:03:50	0.0744677566
17:03:51	0.0744459036
17:03:52	0.074459397
17:03:53	0.0744935794
17:03:54	0.0744554245
17:03:55	0.0745063081
17:03:56	0.0744710784
17:03:57	0.0749447677
17:03:58	0.0754906062
17:03:59	0.0755036486
17:04:00	0.0755486422
17:04:01	0.0755169085
17:04:02	0.0755592189
17:04:03	0.0755399955
17:04:04	0.0755400786
17:04:05	0.0755811997
17:04:06	0.0755338325
17:04:07	0.076058012
17:04:08	0.0765294822
17:04:09	0.0765609759
17:04:10	0.0765861189
17:04:11	0.0765637321
17:04:12	0.0766112897
17:04:13	0.0765762528
17:04:14	0.0766153543
17:04:15	0.0766220961
17:04:16	0.0766005197
17:04:17	0.0771143878
17:04:18	0.0775739955
17:04:19	0.0776370701
17:04:20	0.0776387494
17:04:21	0.077623904
17:04:22	0.0776879534
17:04:23	0.0776247909
17:04:24	0.0776922883
17:04:25	0.0776661611
17:04:26	0.077667279
17:04:27	0.0781593261
17:04:28	0.0786856911
17:04:29	0.078759535
17:04:30	0.0787376366
17:04:31	0.0787896487
17:04:32	0.078786352
17:04:33	0.0787714058
17:04:34	0.0788207537
17:04:35	0.0787708673
17:04:36	0.0788321884
17:04:37	0.0792596233
17:04:38	0.079792439
17:04:39	0.0798398079
17:04:40	0.0798097495
17:04:41	0.0798716216
17:04:42	0.0798359457
17:04:43	0.0798686963
17:04:44	0.0798702898
17:04:45	0.0798762538
17:04:46	0.0799126539
17:04:47	0.0803164478
17:04:48	0.0809203422
17:04:49	0.0808989168
17:04:50	0.0809481019
17:04:51	0.0809536755
17:04:52	0.0809528756
17:04:53	0.0809837438
17:04:54	0.0809512075
17:04:55	0.0810072121
17:04:56	0.0809791148
17:04:57	0.0814846913
17:04:58	0.0820459286
17:04:59	0.0820460429
17:05:00	0.0821148474
17:05:01	0.0820744761
17:05:02	0.082129551
17:05:03	0.0820989258
17:05:04	0.0821148774
17:05:05	0.0821456566
17:05:06	0.0821050569
17:05:07	0.0826786154
17:05:08	0.0831350998
17:05:09	0.0831839917
17:05:10	0.083214888
17:05:11	0.0831859977
17:05:12	0.0832587361
17:05:13	0.0832044972
17:05:14	0.0832469608
17:05:15	0.0832397255
17:05:16	0.0832404277
17:05:17	0.0837331869
17:05:18	0.0842485763
17:05:19	0.0843161812
17:05:20	0.0843148799
17:05:21	0.0843292575
17:05:22	0.084376352
17:05:23	0.0843307236
17:05:24	0.0843907867
17:05:25	0.0843546318
17:05:26	0.0843810999
17:05:27	0.0848634908
17:05:28	0.0854334442
17:05:29	0.0855195423
17:05:30	0.0854850396
17:05:31	0.0855387792
17:05:32	0.0855250841
17:05:33	0.0855263636
17:05:34	0.0855754335
17:05:35	0.0855272669
17:05:36	0.0855998986
17:05:37	0.0860013876
17:05:38	0.0866321614
17:05:39	0.0866548916
17:05:40	0.0866576124
17:05:41	0.0867150568
17:05:42	0.0866639306
17:05:43	0.0867244503
17:05:44	0.086704152
17:05:45	0.0867160837
17:05:46	0.0867440458
17:05:47	0.0871729614
17:05:48	0.0878146278
17:05:49	0.0877820863
17:05:50	0.0878590785
17:05:51	0.0878406773
17:05:52	0.0878679162
17:05:53	0.0878866123
17:05:54	0.087858276
17:05:55	0.0879291005
17:05:56	0.0878698053
17:05:57	0.0883894396
17:05:58	0.0889509833
17:05:59	0.0889913705
17:06:00	0.0890327487
17:06:01	0.0890093382
17:06:02	0.0890853807
17:06:03	0.0890270058
17:06:04	0.0891013718
17:06:05	0.0890695794
17:06:06	0.0891005391
17:06:07	0.0895860672
17:06:08	0.0901771017
17:06:09	0.0902669648
17:06:10	0.0902264689
17:06:11	0.0903035806
17:06:12	0.0902761202
17:06:13	0.0902798899
17:06:14	0.0903214979
17:06:15	0.0902940463
17:06:16	0.0903683209
17:06:17	0.0908014865
17:06:18	0.0914396896
17:06:19	0.0914594077
17:06:20	0.0914774483
17:06:21	0.0915276069
17:06:22	0.0915041089
17:06:23	0.0915481967
17:06:24	0.091529293
17:06:25	0.0915476872
17:06:26	0.0915773485
17:06:27	0.0920209011
17:06:27	0.0926857294
17:06:29	0.0926750052
17:06:30	0.0927231058
17:06:31	0.0927393115
17:06:32	0.0927253733
17:06:33	0.0927816628
17:06:34	0.0927440413
17:06:35	0.0928022238
17:06:36	0.0927723408
17:06:37	0.0931768588
17:06:38	0.0939164994
17:06:39	0.093898887
17:06:40	0.0939904981
17:06:41	0.0939430475
17:06:42	0.0939940661
17:06:43	0.0940022507
17:06:44	0.0939855024
17:06:45	0.0940613742
17:06:46	0.0940056719
17:06:47	0.0944995706
17:06:48	0.0952331026
17:06:49	0.0952232097
17:06:50	0.0952726275
17:06:51	0.0952884618
17:06:52	0.0952756275
17:06:53	0.0953262697
17:06:54	0.0953031965
17:06:55	0.0953538337
17:06:56	0.0953443703
17:06:57	0.096404131
17:06:58	0.0965138622
17:06:59	0.0965003619
17:07:00	0.0965815263
17:07:01	0.0965385307
17:07:02	0.096582794
17:07:03	0.0965904389
17:07:04	0.096579951
17:07:05	0.0966490502
17:07:06	0.0965965329
17:07:07	0.09771363
17:07:08	0.0977871149
17:07:09	0.097800693
17:07:10	0.0978695005
17:07:11	0.0978183421
17:07:12	0.0978948467
17:07:13	0.097842286
17:07:14	0.0978731663
17:07:15	0.0978970371
17:07:16	0.097878246
17:07:17	0.0990488349
17:07:18	0.0990666857
17:07:19	0.0991390678
17:07:20	0.0991559286
17:07:21	0.0991350836
17:07:22	0.0992224688
17:07:23	0.099152493
17:07:24	0.0992206658
17:07:25	0.0992056978
17:07:26	0.0992021496
17:07:27	0.100347319
17:07:28	0.100424348
17:07:29	0.100414996
17:07:30	0.100443327
17:07:31	0.100505321
17:07:32	0.100453974
17:07:33	0.100539346
17:07:34	0.100494913
17:07:35	0.100555325
17:07:36	0.10055456
17:07:37	0.101023805
17:07:38	0.101765255
17:07:39	0.101741454
17:07:40	0.101841703
17:07:41	0.101803002
17:07:42	0.101836467
17:07:43	0.101863951
17:07:44	0.101819942
17:07:45	0.101917125
17:07:46	0.101858887
17:07:47	0.102330422
17:07:48	0.103079642
17:07:49	0.103142346
17:07:50	0.103184585
17:07:51	0.103186717
17:07:52	0.103249048
17:07:53	0.103206092
17:07:54	0.103279047
17:07:55	0.103239187
17:07:56	0.103298364
17:07:57	0.103687003
17:07:58	0.104509031
17:07:59	0.10460483
17:08:00	0.104571184
17:08:01	0.104664804
17:08:02	0.10462164
17:08:03	0.104670767
17:08:04	0.104684503
17:08:05	0.104680357
17:08:06	0.104735819
17:08:07	0.105080755
17:08:08	0.105953527
17:08:09	0.105950251
17:08:10	0.106001516
17:08:11	0.10604393
17:08:12	0.105999864
17:08:13	0.106093764
17:08:14	0.106035841
17:08:15	0.106095226
17:08:16	0.106098135
17:08:17	0.106481124
17:08:18	0.107344448
17:08:19	0.107329739
17:08:20	0.107438208
17:08:21	0.10740319
17:08:22	0.107442074
17:08:23	0.107461501
17:08:24	0.107424917
17:08:25	0.107521768
17:08:26	0.107457859
17:08:27	0.107955132
17:08:28	0.108737302
17:08:29	0.108789799
17:08:30	0.108872175
17:08:31	0.108827832
17:08:32	0.108929469
17:08:33	0.108865968
17:08:34	0.108912204
17:08:35	0.108940347
17:08:36	0.108932603
17:08:37	0.109331232
17:08:38	0.110173265
17:08:39	0.110289495
17:08:40	0.11028927
17:08:41	0.110311391
17:08:42	0.110373181
17:08:43	0.110322601
17:08:44	0.11041809
17:08:45	0.110360349
17:08:46	0.110432143
17:08:47	0.11072598
17:08:48	0.1116741
17:08:49	0.111781951
17:08:50	0.111726481
17:08:51	0.111836674
17:08:52	0.111799608
17:08:53	0.111849119
17:08:54	0.111868045
17:08:55	0.111864267
17:08:56	0.111930477
17:08:57	0.112201709
17:08:58	0.113224828
17:08:59	0.113213817
17:09:00	0.113295588
17:09:01	0.11332771
17:09:02	0.113309852
17:09:03	0.113403307
17:09:04	0.113323943
17:09:05	0.113433469
17:09:06	0.11338949
17:09:07	0.11380933
17:09:08	0.114764362
17:09:09	0.114768205
17:09:10	0.114889931
17:09:11	0.11482665
17:09:12	0.114938523
17:09:13	0.114896243
17:09:14	0.114951043
17:09:15	0.11495881
17:09:16	0.11496525
17:09:17	0.115399299
17:09:18	0.116279062
17:09:19	0.116407877
17:09:20	0.116378355
17:09:21	0.116496647
17:09:22	0.116444901
17:09:23	0.116521017
17:09:24	0.116502056
17:09:25	0.116526856
17:09:26	0.11658882
17:09:27	0.116880089
17:09:28	0.117930544
17:09:29	0.11791975
17:09:30	0.118039595
17:09:31	0.118005151
17:09:32	0.118088995
17:09:33	0.118078079
17:09:34	0.118112996
17:09:35	0.118147805
17:09:36	0.118123748
17:09:37	0.118574717
17:09:38	0.119511304
17:09:39	0.119666139
17:09:40	0.119642274
17:09:41	0.11972796
17:09:42	0.119712911
17:09:43	0.11975198
17:09:44	0.119787954
17:09:45	0.119776181
17:09:46	0.119853344
17:09:47	0.120119612
17:09:48	0.121232401
17:09:49	0.121258138
17:09:50	0.1213169
17:09:51	0.12136767
17:09:52	0.12135401
17:09:53	0.121441217
17:09:54	0.121399243
17:09:55	0.121481862
17:09:56	0.121446083
17:09:57	0.121797991
17:09:58	0.122861257
17:09:59	0.122924692
17:10:00	0.123012208
17:10:01	0.122981919
17:10:02	0.123081815
17:10:03	0.123053462
17:10:04	0.123116205
17:10:05	0.123117415
17:10:06	0.123140607
17:10:07	0.123507259
17:10:08	0.124525366
17:10:09	0.124671858
17:10:10	0.124653871
17:10:11	0.124745797
17:10:12	0.124738249
17:10:13	0.124779028
17:10:14	0.124804727
17:10:15	0.124793724
17:10:16	0.124874415
17:10:17	0.125153188
17:10:18	0.126355185
17:10:19	0.126368764
17:10:20	0.126474531
17:10:21	0.12648842
17:10:22	0.126530857
17:10:23	0.126573219
17:10:24	0.126551011
17:10:25	0.126636313
17:10:26	0.126584588
17:10:27	0.126998959
17:10:28	0.128043296
17:10:29	0.12817763
17:10:30	0.128207493
17:10:31	0.1282458
17:10:32	0.128312813
17:10:33	0.128287722
17:10:34	0.128375263
17:10:35	0.128331463
17:10:36	0.128418957
17:10:37	0.128723588
17:10:38	0.129857811
17:10:39	0.129944652
17:10:40	0.129971963
17:10:41	0.130072673
17:10:42	0.130028166
17:10:43	0.130136646
17:10:44	0.130091576
17:10:45	0.130187671
17:10:46	0.130161785
17:10:47	0.130551072
17:10:48	0.131681534
17:10:49	0.131735335
17:10:50	0.131852289
17:10:51	0.131815228
17:10:52	0.131936558
17:10:53	0.131886551
17:10:54	0.1319784
17:10:55	0.131958708
17:10:56	0.132006145
17:10:57	0.132375893
17:10:58	0.133537246
17:10:59	0.133684833
17:11:00	0.133683227
17:11:01	0.133802417
17:11:02	0.133761819
17:11:03	0.133867848
17:11:04	0.133840997
17:11:05	0.133895983
17:11:06	0.133924651
17:11:07	0.134229895
17:11:08	0.13549176
17:11:09	0.135503707
17:11:10	0.135668439
17:11:11	0.135608005
17:11:12	0.135729598
17:11:13	0.135704519
17:11:14	0.135752582
17:11:15	0.135793146
17:11:16	0.135782407
17:11:17	0.136210513
17:11:18	0.137336302
17:11:19	0.137507502
17:11:20	0.137516049
17:11:21	0.137619987
17:11:22	0.137631531
17:11:23	0.137673626
17:11:24	0.137709636
17:11:25	0.137721072
17:11:26	0.137794396
17:11:27	0.138111497
17:11:28	0.139443054
17:11:29	0.139500153
17:11:30	0.139633173
17:11:31	0.13963153
17:11:32	0.139695995
17:11:33	0.139742776
17:11:34	0.139737333
17:11:35	0.139794988
17:11:36	0.139795092
17:11:37	0.140102346
17:11:38	0.141406318
17:11:39	0.141562574
17:11:40	0.141587741
17:11:41	0.141648436
17:11:42	0.141707499
17:11:43	0.14171397
17:11:44	0.141802974
17:11:45	0.141784126
17:11:46	0.141878088
17:11:47	0.142052519
17:11:48	0.143470772
17:11:49	0.14357338
17:11:50	0.143634467
17:11:51	0.143736009
17:11:52	0.143718405
17:11:53	0.14382169
17:11:54	0.143786433
17:11:55	0.143869121
17:11:56	0.143874728
17:11:57	0.144181607
17:11:58	0.145564093
17:11:59	0.145612091
17:12:00	0.145773027
17:12:01	0.145771534
17:12:02	0.145865606
17:12:03	0.145875038
17:12:04	0.145891283
17:12:05	0.145959486
17:12:06	0.145951847
17:12:07	0.146269932
17:12:08	0.147678974
17:12:09	0.147865073
17:12:10	0.14791452
17:12:11	0.147992253
17:12:12	0.148062663
17:12:13	0.148074569
17:12:14	0.148158419
17:12:15	0.148126262
17:12:16	0.14823202
17:12:17	0.148378955
17:12:18	0.149923426
17:12:19	0.150057849
17:12:20	0.15011493
17:12:21	0.150242054
17:12:22	0.150238703
17:12:23	0.150349705
17:12:24	0.150324494
17:12:25	0.150393062
17:12:26	0.150428419
17:12:27	0.150656145
17:12:28	0.152210229
17:12:29	0.152275012
17:12:30	0.152456295
17:12:31	0.152427161
17:12:32	0.152543662
17:12:33	0.152545466
17:12:34	0.152589627
17:12:35	0.152670254
17:12:36	0.15262947
17:12:37	0.152985632
17:12:38	0.154408153
17:12:39	0.15463318
17:12:40	0.154678352
17:12:41	0.154795928
17:12:42	0.154832952
17:12:43	0.154844786
17:12:44	0.154951373
17:12:45	0.154921974
17:12:46	0.155048382
17:12:47	0.155084103
17:12:48	0.156883693
17:12:49	0.156992351
17:12:50	0.157110328
17:12:51	0.157213901
17:12:52	0.157210867
17:12:53	0.157348565
17:12:54	0.157285737
17:12:55	0.15741874
17:12:56	0.157379087
17:12:57	0.157672385
17:12:58	0.159262382
17:12:59	0.159428144
17:13:00	0.159577283
17:13:01	0.159586905
17:13:02	0.159735189
17:13:03	0.159720233
17:13:04	0.159832734
17:13:05	0.159815517
17:13:06	0.159887847
17:13:07	0.160117476
17:13:08	0.161749678
17:13:09	0.161977649
17:13:10	0.162018614
17:13:11	0.162174287
17:13:12	0.162141853
17:13:13	0.162304045
17:13:14	0.162260186
17:13:15	0.162386936
17:13:16	0.162377546
17:13:17	0.162661781
17:13:18	0.164378643
17:13:19	0.164517841
17:13:20	0.164718592
17:13:21	0.164714671
17:13:22	0.164883934
17:13:23	0.164842147
17:13:24	0.164976288
17:13:25	0.164966928
17:13:26	0.16504806
17:13:27	0.165203782
17:13:28	0.166982783
17:13:29	0.167245241
17:13:30	0.167294803
17:13:31	0.167477504
17:13:32	0.167449044
17:13:33	0.167592675
17:13:34	0.167589143
17:13:35	0.167657055
17:13:36	0.167731862
17:13:37	0.167841675
17:13:38	0.169772824
17:13:39	0.16989613
17:13:40	0.17011561
17:13:41	0.170133525
17:13:42	0.170248402
17:13:43	0.170312842
17:13:44	0.170315324
17:13:45	0.170442516
17:13:46	0.170405527
17:13:47	0.170702534
17:13:48	0.172556573
17:13:49	0.172834472
17:13:50	0.172940068
17:13:51	0.173036524
17:13:52	0.173146265
17:13:53	0.173164537
17:13:54	0.173293985
17:13:55	0.173276415
17:13:56	0.173418548
17:13:57	0.173522881
17:13:58	0.175496308
17:13:59	0.175690823
17:14:00	0.175845038
17:14:01	0.175977306
17:14:02	0.176010745
17:14:03	0.176158268
17:14:04	0.176119475
17:14:05	0.176277932
17:14:06	0.176263269
17:14:07	0.176492487
17:14:08	0.17848601
17:14:09	0.178747635
17:14:10	0.17894473
17:14:11	0.178986096
17:14:12	0.179177397
17:14:13	0.179146203
17:14:14	0.179305623
17:14:15	0.179307773
17:14:16	0.179388096
17:14:17	0.179587913
17:14:18	0.181569227
17:14:18	0.181914595
17:14:20	0.181966134
17:14:21	0.182190655
17:14:22	0.182192236
17:14:23	0.182348358
17:14:24	0.182361686
17:14:25	0.182437356
17:14:26	0.182539048
17:14:27	0.182637112
17:14:28	0.184818122
17:14:29	0.185013019
17:14:30	0.185268119
17:14:31	0.185303688
17:14:32	0.185448511
17:14:33	0.185524652
17:14:34	0.185566702
17:14:35	0.185694979
17:14:36	0.185678072
17:14:37	0.186010352
17:14:38	0.188037093
17:14:38	0.188452898
17:14:40	0.188579993
17:14:41	0.188703966
17:14:42	0.18886293
17:14:43	0.18886139
17:14:44	0.189048171
17:14:45	0.189016514
17:14:46	0.189205774
17:14:47	0.189294053
17:14:48	0.19153924
17:14:49	0.191871903
17:14:50	0.19202322
17:14:51	0.192235961
17:14:52	0.192262396
17:14:53	0.192463876
17:14:54	0.192423504
17:14:55	0.192597147
17:14:56	0.192615269
17:14:57	0.192844987
17:14:58	0.195102312
17:14:59	0.195451939
17:15:00	0.195707587
17:15:01	0.195769169
17:15:02	0.196011417
17:15:03	0.195975719
17:15:04	0.196165466
17:15:05	0.196169008
17:15:06	0.196302443
17:15:07	0.196529631
17:15:08	0.198787185
17:15:09	0.199231845
17:15:10	0.199353919
17:15:11	0.199620942
17:15:12	0.199628643
17:15:13	0.199861755
17:15:14	0.199843957
17:15:15	0.199995521
17:15:16	0.200066246
17:15:17	0.200149659
17:15:18	0.202672635
17:15:19	0.202987838
17:15:20	0.203328183
17:15:21	0.203374602
17:15:22	0.203616558
17:15:23	0.203652088
17:15:24	0.203751062
17:15:25	0.203902417
17:15:26	0.203894496
17:15:27	0.204154341
17:15:28	0.206563635
17:15:29	0.207117104
17:15:30	0.207287372
17:15:31	0.207521894
17:15:32	0.207664731
17:15:33	0.207749639
17:15:34	0.207914761
17:15:35	0.207916432
17:15:36	0.208139897
17:15:37	0.208098184
17:15:38	0.210890667
17:15:39	0.211337743
17:15:40	0.211575312
17:15:41	0.211852666
17:15:41	0.211905873
17:15:43	0.212185259
17:15:44	0.212158265
17:15:45	0.212383186
17:15:46	0.212396861
17:15:47	0.212548592
17:15:48	0.215258247
17:15:49	0.215781541
17:15:50	0.216127778
17:15:51	0.216246029
17:15:52	0.216536727
17:15:53	0.216557976
17:15:54	0.216786274
17:15:55	0.216819984
17:15:56	0.216958562
17:15:57	0.217082975
17:15:58	0.21988204
17:15:59	0.220533232
17:16:00	0.220731257
17:16:01	0.221092938
17:16:02	0.221140605
17:16:03	0.221417197
17:16:04	0.221459752
17:16:05	0.221615799
17:16:06	0.221747793
17:16:07	0.221797601
17:16:08	0.22488921
17:16:09	0.225413204
17:16:10	0.225876026
17:16:11	0.225958299
17:16:12	0.226249056
17:16:13	0.226380663
17:16:14	0.226514155
17:16:15	0.226718324
17:16:16	0.22673261
17:16:17	0.22698465
17:16:18	0.229825994
17:16:19	0.230670811
17:16:20	0.230908903
17:16:21	0.231247418
17:16:22	0.231466007
17:16:23	0.23157377
17:16:24	0.231843334
17:16:25	0.23183687
17:16:26	0.23213365
17:16:27	0.232113539
17:16:28	0.235331255
17:16:29	0.236050593
17:16:30	0.236407012
17:16:31	0.236777021
17:16:32	0.236891748
17:16:33	0.237243737
17:16:34	0.237268584
17:16:35	0.237562403
17:16:36	0.237613855
17:16:37	0.237847326
17:16:38	0.241093194
17:16:39	0.241952214
17:16:40	0.242439442
17:16:41	0.242685298
17:16:42	0.243069388
17:16:43	0.243147308
17:16:44	0.243502171
17:16:45	0.243510795
17:16:46	0.243810479
17:16:47	0.243879175
17:16:48	0.247258947
17:16:49	0.248181945
17:16:50	0.248593361
17:16:51	0.24906655
17:16:52	0.249230553
17:16:53	0.249613666
17:16:54	0.249716126
17:16:55	0.249994023
17:16:56	0.250095815
17:16:57	0.250291021
17:16:58	0.253806567
17:16:59	0.254757976
17:17:00	0.255366289
17:17:01	0.255647281
17:17:02	0.256084954
17:17:03	0.25623329
17:17:04	0.256562587
17:17:05	0.256711538
17:17:06	0.256933511
17:17:07	0.257128472
17:17:08	0.260756547
17:17:09	0.262011623
17:17:10	0.262480058
17:17:11	0.263056948
17:17:12	0.26331142
17:17:13	0.263660592
17:17:14	0.263939804
17:17:15	0.264107959
17:17:16	0.264465548
17:17:17	0.264599899
17:17:18	0.268538251
17:17:19	0.2696944
17:17:20	0.270366128
17:17:21	0.270866214
17:17:22	0.271184373
17:17:23	0.271616304
17:17:24	0.271854314
17:17:25	0.272197254
17:17:26	0.272392071
17:17:27	0.27264704
17:17:28	0.276624243
17:17:29	0.277924931
17:17:30	0.278783534
17:17:30	0.279230442
17:17:32	0.279813305
17:17:33	0.280114603
17:17:34	0.280499143
17:17:35	0.280769871
17:17:36	0.281018298
17:17:37	0.281337109
17:17:38	0.285466548
17:17:39	0.287083457
17:17:40	0.287795131
17:17:41	0.288508295
17:17:42	0.288920573
17:17:43	0.289386199
17:17:44	0.289775148
17:17:45	0.290029925
17:17:46	0.290446602
17:17:47	0.290573635
17:17:48	0.295077693
17:17:49	0.296636056
17:17:50	0.297659602
17:17:51	0.298292668
17:17:52	0.298855712
17:17:53	0.299368895
17:17:54	0.299697056
17:17:55	0.300228279
17:17:56	0.300429419
17:17:57	0.300881874
17:17:58	0.305479406
17:17:59	0.307415989
17:18:00	0.30850872
17:18:01	0.309253773
17:18:02	0.309994111
17:18:03	0.310441723
17:18:04	0.311055287
17:18:05	0.311322091
17:18:06	0.311820089
17:18:07	0.312135195
17:18:08	0.317022464
17:18:09	0.319089764
17:18:10	0.320118524
17:18:11	0.3211432
17:18:12	0.321637809
17:18:13	0.322326298
17:18:14	0.322803224
17:18:15	0.323248966
17:18:16	0.323740875
17:18:17	0.323989703
17:18:18	0.329296848
17:18:19	0.331400452
17:18:20	0.332798498
17:18:21	0.333788116
17:18:22	0.334559653
17:18:23	0.335368265
17:18:24	0.335785755
17:18:25	0.336462935
17:18:26	0.336827864
17:18:27	0.3373185
17:18:28	0.342963442
17:18:29	0.345448258
17:18:30	0.347152866
17:18:31	0.348129847
17:18:32	0.349241015
17:18:33	0.349880948
17:18:34	0.350679376
17:18:35	0.351287921
17:18:36	0.351807513
17:18:37	0.352476331
17:18:38	0.358105022
17:18:39	0.361104238
17:18:40	0.36260748
17:18:41	0.363984446
17:18:42	0.364976687
17:18:43	0.365791679
17:18:44	0.366670208
17:18:45	0.367216645
17:18:46	0.368081564
17:18:47	0.368528265
17:18:48	0.374808603
17:18:49	0.377701032
17:18:50	0.379577422
17:18:51	0.380986937
17:18:52	0.382052631
17:18:53	0.383125567
17:18:54	0.383840343
17:18:55	0.384793104
17:18:56	0.385295837
17:18:57	0.386064115
17:18:58	0.392490755
17:18:59	0.39573262
17:19:00	0.397755595
17:19:01	0.399084091
17:19:02	0.400398057
17:19:03	0.401186527
17:19:04	0.402273741
17:19:05	0.402848264
17:19:06	0.403684655
17:19:07	0.404297536
17:19:08	0.411267825
17:19:09	0.41477007
17:19:10	0.416605282
17:19:11	0.418340357
17:19:12	0.419310285
17:19:13	0.420508107
17:19:14	0.421270912
17:19:15	0.422069475
17:19:16	0.422849088
17:19:17	0.423282047
17:19:18	0.430731945
17:19:19	0.433837611
17:19:20	0.436064482
17:19:21	0.437432487
17:19:22	0.438699254
17:19:23	0.439679273
17:19:24	0.440518769
17:19:25	0.441417371
17:19:26	0.441997106
17:19:27	0.442882669
17:19:28	0.450080387
17:19:29	0.453912792
17:19:30	0.455708052
17:19:31	0.457467338
17:19:32	0.458541854
17:19:33	0.459635335
17:19:34	0.460471216
17:19:35	0.461160015
17:19:36	0.461993891
17:19:37	0.462480765
17:19:38	0.470689683
17:19:39	0.474193226
17:19:40	0.476438539
17:19:41	0.477613844
17:19:42	0.478939815
17:19:43	0.479711196
17:19:44	0.480561706
17:19:45	0.481296135
17:19:46	0.481873752
17:19:47	0.482638407
17:19:48	0.490282426
17:19:49	0.494001373
17:19:50	0.495514884
17:19:51	0.497009378
17:19:52	0.497834895
17:19:53	0.49873594
17:19:54	0.499333355
17:19:55	0.499744289
17:19:56	0.500531625
17:19:57	0.500760877
17:19:58	0.509236788
17:19:59	0.512279999
17:20:00	0.514153663
17:20:01	0.515165936
17:20:02	0.516167485
17:20:03	0.51696859
17:20:04	0.517538563
17:20:05	0.518317888
17:20:06	0.518678766
17:20:07	0.51944869
17:20:08	0.527456939
17:20:09	0.530204518
17:20:10	0.530645299
17:20:11	0.531775302
17:20:12	0.532333189
17:20:13	0.533004508
17:20:14	0.53356846
17:20:15	0.53393961
17:20:16	0.534611879
17:20:17	0.534912546
17:20:18	0.543607249
17:20:19	0.546559028
17:20:20	0.548045172
17:20:21	0.549034838
17:20:22	0.549642756
17:20:23	0.55026621
17:20:24	0.550709484
17:20:25	0.551284599
17:20:26	0.551588977
17:20:27	0.552155614
17:20:28	0.560456287
17:20:29	0.563553431
17:20:30	0.564817091
17:20:31	0.565762065
17:20:32	0.566501122
17:20:33	0.567079583
17:20:34	0.567633497
17:20:35	0.567946784
17:20:36	0.568534043
17:20:37	0.568714816
17:20:38	0.577363915
17:20:39	0.580246873
17:20:40	0.581528038
17:20:41	0.582378947
17:20:42	0.582964465
17:20:43	0.583579181
17:20:44	0.58402502
17:20:45	0.584407111
17:20:46	0.584889801
17:20:47	0.585311718
17:20:48	0.594066445
17:20:49	0.596938656
17:20:50	0.598080469
17:20:51	0.598767388
17:20:52	0.599489104
17:20:53	0.599930826
17:20:54	0.600378939
17:20:55	0.600612272
17:20:56	0.601031727
17:20:57	0.601274888
17:20:58	0.609919519
17:20:59	0.612587715
17:21:00	0.613583415
17:21:01	0.614299232
17:21:02	0.614726046
17:21:03	0.615262108
17:21:04	0.615619147
17:21:05	0.616023034
17:21:06	0.616259829
17:21:07	0.616560185
17:21:08	0.625160822
17:21:09	0.627663646
17:21:10	0.628705757
17:21:11	0.62932015
17:21:12	0.62990987
17:21:13	0.630350612
17:21:14	0.630770458
17:21:15	0.630943422
17:21:16	0.631354359
17:21:17	0.631469184
17:21:18	0.640217693
17:21:19	0.642670966
17:21:20	0.643540606
17:21:21	0.644205334
17:21:22	0.64464498
17:21:23	0.645144978
17:21:24	0.645507892
17:21:25	0.645926444
17:21:26	0.646240953
17:21:27	0.646575925
17:21:28	0.655588554
17:21:29	0.658005865
17:21:30	0.658980733
17:21:31	0.659543229
17:21:32	0.660053165
17:21:33	0.660365318
17:21:34	0.660706814
17:21:35	0.660982717
17:21:36	0.661157658
17:21:37	0.661408403
17:21:38	0.670189541
17:21:39	0.672595637
17:21:40	0.673368363
17:21:41	0.673896231
17:21:42	0.674331203
17:21:43	0.674638313
17:21:44	0.674973028
17:21:45	0.675265455
17:21:46	0.675554827
17:21:47	0.675749426
17:21:48	0.684637045
17:21:49	0.686809618
17:21:50	0.687556639
17:21:51	0.688124112
17:21:52	0.688586519
17:21:53	0.688953134
17:21:54	0.689284207
17:21:55	0.689495182
17:21:56	0.68980876
17:21:57	0.689953257
17:21:58	0.6991164
17:21:59	0.701213853
17:22:00	0.701856682
17:22:01	0.702357973
17:22:02	0.702713076
17:22:03	0.703032491
17:22:04	0.703395318
17:22:05	0.703581369
17:22:06	0.703926008
17:22:07	0.704105439
17:22:08	0.713487005
17:22:09	0.715392276
17:22:10	0.71595227
17:22:11	0.716564256
17:22:12	0.716909476
17:22:13	0.717276302
17:22:14	0.717543857
17:22:15	0.717728953
17:22:16	0.718059533
17:22:17	0.718195465
17:22:18	0.727363482
17:22:19	0.729184219
17:22:20	0.729749893
17:22:21	0.730238546
17:22:22	0.730381059
17:22:23	0.730669874
17:22:24	0.730831633
17:22:25	0.731077887
17:22:26	0.731289976
17:22:27	0.731488495
17:22:28	0.740654847
17:22:29	0.742396836
17:22:30	0.743069715
17:22:31	0.74337638
17:22:32	0.74381108
17:22:33	0.744070293
17:22:34	0.744338566
17:22:35	0.744639228
17:22:36	0.744796924
17:22:37	0.745082323
17:22:38	0.754518963
17:22:39	0.75631337
17:22:40	0.756850837
17:22:41	0.757292889
17:22:42	0.757659792
17:22:43	0.757831739
17:22:44	0.758059765
17:22:45	0.758175323
17:22:46	0.758553721
17:22:47	0.758771934
17:22:48	0.768081552
17:22:49	0.76969115
17:22:50	0.770132976
17:22:51	0.770588982
17:22:52	0.770912611
17:22:53	0.771213596
17:22:54	0.771568894
17:22:55	0.771767064
17:22:56	0.772022978
17:22:57	0.772137786
17:22:58	0.781367357
17:22:59	0.782915528
17:23:00	0.783522971
17:23:01	0.783968205
17:23:02	0.784249559
17:23:03	0.784577473
17:23:04	0.78476663
17:23:05	0.78504433
17:23:06	0.785209857
17:23:07	0.785464031
17:23:08	0.795004011
17:23:09	0.796630837
17:23:10	0.797232742
17:23:11	0.797579062
17:23:12	0.79804244
17:23:13	0.798165679
17:23:14	0.798516614
17:23:15	0.798552501
17:23:16	0.798894464
17:23:17	0.799077318
17:23:18	0.808414605
17:23:19	0.810086419
17:23:20	0.810488159
17:23:21	0.810989781
17:23:22	0.811164351
17:23:23	0.811472281
17:23:24	0.811696694
17:23:25	0.811912848
17:23:26	0.812150878
17:23:27	0.812303626
17:23:28	0.821793585
17:23:29	0.823175877
17:23:30	0.823663756
17:23:31	0.824109311
17:23:32	0.824312794
17:23:33	0.824572683
17:23:34	0.824687808
17:23:35	0.824858852
17:23:36	0.825093423
17:23:37	0.825221928
17:23:38	0.83468471
17:23:39	0.83604526
17:23:40	0.836493673
17:23:41	0.836783703
17:23:42	0.837042097
17:23:43	0.837404622
17:23:44	0.83758962
17:23:45	0.837830304
17:23:46	0.837932066
17:23:47	0.838226589
17:23:48	0.847977647
17:23:49	0.849412465
17:23:50	0.850011164
17:23:51	0.850212426
17:23:52	0.850616996
17:23:53	0.850871254
17:23:54	0.85112149
17:23:55	0.851368555
17:23:56	0.85141229
17:23:57	0.851777174
17:23:58	0.861227366
17:23:59	0.862681999
17:24:00	0.863044726
17:24:01	0.863276777
17:24:02	0.863646372
17:24:03	0.863784611
17:24:04	0.86406136
17:24:05	0.864176449
17:24:06	0.864376853
17:24:07	0.864559427
17:24:08	0.874139198
17:24:09	0.87556077
17:24:10	0.875837493
17:24:11	0.876303198
17:24:12	0.876465285
17:24:13	0.87671958
17:24:14	0.876921267
17:24:15	0.877022324
17:24:16	0.877307017
17:24:17	0.877357787
17:24:18	0.887123367
17:24:19	0.88832281
17:24:20	0.88881329
17:24:21	0.889015544
17:24:22	0.889247107
17:24:23	0.889321763
17:24:24	0.889364378
17:24:25	0.889579922
17:24:26	0.889683809
17:24:27	0.889905658
17:24:28	0.899597772
17:24:29	0.900798573
17:24:30	0.90126786
17:24:31	0.901465192
17:24:32	0.901775472
17:24:33	0.901928735
17:24:34	0.901923465
17:24:34	0.902240139
17:24:36	0.902372377
17:24:37	0.902622187
17:24:38	0.912544033
17:24:39	0.913849404
17:24:40	0.914221277
17:24:41	0.91441275
17:24:42	0.914735227
17:24:43	0.914853722
17:24:44	0.915106055
17:24:45	0.915251388
17:24:46	0.91544178
17:24:47	0.915628017
17:24:48	0.925318925
17:24:49	0.926558209
17:24:50	0.926899188
17:24:51	0.92726585
17:24:52	0.927307412
17:24:53	0.927688897
17:24:54	0.927813881
17:24:55	0.927986115
17:24:56	0.928083523
17:24:57	0.928156178
17:24:58	0.938180132
17:24:59	0.939281283
17:25:00	0.939769143
17:25:01	0.939998123
17:25:02	0.940322401
17:25:03	0.940483589
17:25:04	0.940667604
17:25:05	0.940918508
17:25:06	0.940939923
17:25:07	0.941208684
17:25:08	0.952106847
17:25:09	0.952576333
17:25:10	0.952963804
17:25:11	0.953132333
17:25:12	0.953391258
17:25:13	0.953551734
17:25:14	0.95368195
17:25:15	0.953878919
17:25:16	0.953966512
17:25:17	0.958087242
17:25:18	0.964723358
17:25:19	0.965295421
17:25:20	0.965568798
17:25:21	0.965828167
17:25:22	0.966078524
17:25:23	0.966236178
17:25:24	0.966505411
17:25:25	0.966553329
17:25:26	0.966813977
17:25:27	0.969696331
17:25:28	0.977528973
17:25:29	0.978055123
17:25:30	0.978317036
17:25:31	0.978649458
17:25:32	0.978777035
17:25:33	0.979040233
17:25:34	0.979125532
17:25:35	0.979288667
17:25:36	0.979351014
17:25:37	0.982624636
17:25:38	0.990138892
17:25:39	0.99051715
17:25:40	0.990837642
17:25:41	0.990993233
17:25:42	0.99124494
17:25:43	0.99137587
17:25:44	0.991504758
17:25:45	0.991699057
17:25:46	0.991749925
17:25:47	0.995266616
17:25:48	1.00289553
17:25:49	1.00320008
17:25:50	1.00354619
17:25:51	1.0038031
17:25:52	1.00395684
17:25:53	1.00419188
17:25:54	1.00424002
17:25:55	1.00451688
17:25:56	1.00455808
17:25:57	1.00477145
17:25:58	1.01478122
17:25:59	1.01579005
17:26:00	1.01613968
17:26:01	1.01630981
17:26:02	1.01661388
17:26:03	1.01675095
17:26:04	1.01687772
17:26:05	1.01701624
17:26:06	1.0171933
17:26:07	1.01735192
17:26:08	1.02746307
17:26:09	1.02847719
17:26:10	1.02874334
17:26:11	1.02907367
17:26:12	1.02915258
17:26:13	1.02940577
17:26:14	1.0295325
17:26:15	1.02972506
17:26:16	1.02985313
17:26:17	1.0299263
17:26:18	1.04046241
17:26:19	1.04128123
17:26:20	1.04165867
17:26:21	1.04171443
17:26:22	1.04201937
17:26:23	1.04223913
17:26:24	1.04232133
17:26:25	1.0425819
17:26:26	1.04258171
17:26:27	1.04284864
17:26:28	1.0529997
17:26:29	1.05394994
17:26:30	1.05422937
17:26:31	1.05442881
17:26:32	1.05463641
17:26:33	1.05467068
17:26:34	1.05504735
17:26:35	1.05504456
17:26:36	1.05527492
17:26:37	1.05527992
17:26:38	1.06563744
17:26:39	1.06652845
17:26:40	1.06668629
17:26:41	1.06707757
17:26:42	1.06710478
17:26:43	1.0673857
17:26:44	1.06739808
17:26:45	1.06759622
17:26:46	1.0677408
17:26:47	1.06780985
17:26:48	1.07818053
17:26:49	1.07885669
17:26:49	1.07926432
17:26:51	1.07943134
17:26:52	1.07977878
17:26:53	1.07992915
17:26:54	1.0799807
17:26:55	1.08023694
17:26:56	1.08022015
17:26:57	1.08056195
17:26:58	1.09066594
17:26:59	1.09168815
17:27:00	1.09193041
17:27:01	1.09217882
17:27:02	1.09244346
17:27:03	1.09258505
17:27:04	1.09279452
17:27:05	1.09280972
17:27:06	1.09299009
17:27:07	1.09304963
17:27:08	1.10381303
17:27:09	1.10463298
17:27:10	1.10495087
17:27:11	1.10519427
17:27:12	1.10532655
17:27:13	1.1056834
17:27:14	1.10562368
17:27:15	1.10591902
17:27:16	1.10594471
17:27:17	1.10613803
17:27:18	1.11646649
17:27:19	1.1173043
17:27:20	1.11763473
17:27:21	1.11775729
17:27:22	1.11806783
17:27:23	1.11810467
17:27:24	1.11834852
17:27:25	1.11833309
17:27:26	1.1184779
17:27:27	1.11856261
17:27:28	1.12897078
17:27:29	1.12987418
17:27:30	1.12995357
17:27:31	1.13030855
17:27:32	1.13043214
17:27:33	1.13070947
17:27:34	1.13076013
17:27:35	1.13091359
17:27:36	1.13084646
17:27:37	1.13109773
17:27:38	1.14184459
17:27:39	1.14269267
17:27:40	1.14295884
17:27:41	1.14307936
17:27:42	1.14337717
17:27:43	1.14343362
17:27:44	1.14362859
17:27:45	1.14367893
17:27:46	1.14389425
17:27:47	1.1439183
17:27:48	1.15453451
17:27:49	1.15523731
17:27:50	1.15551897
17:27:51	1.15578427
17:27:52	1.15599762
17:27:53	1.15619848
17:27:54	1.15625785
17:27:55	1.15646691
17:27:56	1.15648143
17:27:57	1.15665772
17:27:58	1.16712743
17:27:59	1.16806049
17:28:00	1.16816469
17:28:01	1.16845938
17:28:02	1.16856137
17:28:03	1.16877364
17:28:04	1.16882368
17:28:05	1.16889214
17:28:06	1.16897921
17:28:07	1.16906269
17:28:08	1.18006111
17:28:09	1.18075357
17:28:10	1.18111425
17:28:11	1.181157
17:28:12	1.18146662
17:28:13	1.18159598
17:28:14	1.18165225
17:28:15	1.18181673
17:28:16	1.18192733
17:28:17	1.18207056
17:28:18	1.19269266
17:28:19	1.19353298
17:28:20	1.19367332
17:28:21	1.19396229
17:28:22	1.19410454
17:28:23	1.1943254
17:28:24	1.19445269
17:28:25	1.19449902
17:28:26	1.19458932
17:28:27	1.19472027
17:28:28	1.20541708
17:28:29	1.20608828
17:28:30	1.20645004
17:28:31	1.20650466
17:28:32	1.206832
17:28:33	1.20683545
17:28:34	1.20701856
17:28:35	1.20714049
17:28:36	1.20719313
17:28:37	1.20739372
17:28:38	1.2183835
17:28:39	1.21927858
17:28:40	1.21939187
17:28:41	1.21970785
17:28:42	1.21979234
17:28:43	1.22005531
17:28:44	1.22014888
17:28:45	1.22028146
17:28:46	1.22038954
17:28:47	1.22047149
17:28:48	1.23120026
17:28:49	1.23199906
17:28:50	1.23233181
17:28:51	1.23238089
17:28:52	1.23273023
17:28:53	1.23274884
17:28:54	1.23293487
17:28:55	1.23297296
17:28:56	1.23321081
17:28:57	1.23323527
17:28:58	1.2441814
17:28:59	1.24484587
17:29:00	1.24513571
17:29:01	1.24533118
17:29:02	1.24548653
17:29:03	1.24564574
17:29:04	1.24565329
17:29:05	1.24590536
17:29:06	1.24587186
17:29:07	1.24609122
17:29:08	1.25672556
17:29:09	1.25763119
17:29:10	1.25771582
17:29:11	1.25803328
17:29:12	1.25813529
17:29:13	1.25829061
17:29:14	1.25844838
17:29:15	1.25851747
17:29:16	1.25866396
17:29:17	1.25872575
17:29:18	1.2697093
17:29:19	1.27029758
17:29:20	1.27064274
17:29:21	1.27065648
17:29:22	1.27103057
17:29:23	1.27103815
17:29:24	1.27123134
17:29:25	1.27116592
17:29:26	1.27129169
17:29:27	1.27138066
17:29:28	1.28236942
17:29:29	1.28304137
17:29:30	1.28329325
17:29:31	1.28351584
17:29:32	1.28356641
17:29:33	1.28385648
17:29:34	1.28386785
17:29:35	1.28412599
17:29:36	1.28408108
17:29:37	1.28433783
17:29:38	1.29544618
17:29:39	1.29636077
17:29:40	1.2964906
17:29:41	1.29670402
17:29:42	1.29687946
17:29:43	1.29707637
17:29:44	1.29711664
17:29:45	1.29715766
17:29:46	1.29735817
17:29:47	1.29735926
17:29:48	1.30854174
17:29:49	1.3091498
17:29:50	1.30955943
17:29:51	1.30961721
17:29:52	1.30991523
17:29:53	1.30980886
17:29:54	1.31017742
17:29:55	1.31011589
17:29:56	1.31039301
17:29:57	1.31042131
17:29:58	1.32153177
17:29:59	1.32223011
17:30:00	1.32253006
17:30:01	1.32264553
17:30:02	1.32282436
17:30:03	1.32296271
17:30:04	1.32307126
17:30:05	1.32325585
17:30:06	1.32320921
17:30:07	1.323457
17:30:08	1.33478257
17:30:09	1.33558847
17:30:10	1.33571106
17:30:11	1.33670973
17:30:12	1.33648982
17:30:13	1.33680114
17:30:14	1.33674701
17:30:15	1.33690687
17:30:16	1.33697698
17:30:17	1.33715997
17:30:18	1.34830241
17:30:19	1.34894884
17:30:20	1.34920053
17:30:21	1.34932656
17:30:22	1.34965549
17:30:23	1.34966382
17:30:24	1.34994279
17:30:25	1.34985936
17:30:26	1.35006658
17:30:27	1.35007002
17:30:28	1.3613133
17:30:29	1.36195098
17:30:30	1.36233028
17:30:31	1.36231164
17:30:32	1.36263182
17:30:33	1.36270928
17:30:34	1.36291534
17:30:35	1.36302805
17:30:36	1.3630753
17:30:37	1.36324091
17:30:38	1.37484961
17:30:39	1.37558916
17:30:40	1.37578577
17:30:41	1.37604666
17:30:42	1.37612129
17:30:43	1.37637917
17:30:44	1.37636335
17:30:45	1.37663963
17:30:46	1.37664592
17:30:47	1.37682879
17:30:48	1.38793824
17:30:49	1.38877818
17:30:50	1.38887641
17:30:51	1.38913979
17:30:52	1.3892459
17:30:53	1.38938347
17:30:54	1.38949729
17:30:55	1.38962359
17:30:56	1.38966889
17:30:57	1.38972229