2024.11.14 18:29:49	-1.09440618e-09
2024.11.14 18:29:50	-1.46306043e-09
2024.11.14 18:29:51	3.75588183e-10
2024.11.14 18:29:52	1.49195183e-09
2024.11.14 18:29:53	-2.63212198e-09
2024.11.14 18:29:54	2.08711464e-10
2024.11.14 18:29:55	6.00016568e-10
2024.11.14 18:29:56	1.58463543e-09
2024.11.14 18:29:57	-4.65035953e-10
2024.11.14 18:29:58	7.90699799e-10
2024.11.14 18:29:59	9.05803131e-10
2024.11.14 18:30:00	2.88682856e-10
2024.11.14 18:30:01	-4.82601923e-10
2024.11.14 18:30:02	-4.55790705e-10
2024.11.14 18:30:03	1.39788143e-09
2024.11.14 18:30:04	-1.7288613e-09
2024.11.14 18:30:05	1.24602824e-09
2024.11.14 18:30:06	1.10827405e-09
2024.11.14 18:30:07	1.93456806e-10
2024.11.14 18:30:08	1.91838887e-10
2024.11.14 18:30:09	1.97108678e-09
2024.11.14 18:30:10	2.54244308e-10
2024.11.14 18:30:11	8.80609832e-11
2024.11.14 18:30:12	-1.93687937e-10
2024.11.14 18:30:13	1.10041559e-09
2024.11.14 18:30:14	5.41771508e-10
2024.11.14 18:30:15	-1.7103708e-10
2024.11.14 18:30:16	9.47869008e-10
2024.11.14 18:30:17	8.82458881e-10
2024.11.14 18:30:18	-8.24907215e-10
2024.11.14 18:30:19	2.1772558e-10
2024.11.14 18:30:20	4.66885003e-11
2024.11.14 18:30:21	5.59337478e-10
2024.11.14 18:30:22	-5.83606253e-10
2024.11.14 18:30:23	8.50793908e-10
2024.11.14 18:30:24	1.40597103e-09
2024.11.14 18:30:25	9.47637877e-11
2024.11.14 18:30:26	-4.01012614e-10
2024.11.14 18:30:27	2.17448223e-09
2024.11.14 18:30:28	8.43859972e-10
2024.11.14 18:30:29	9.91321671e-10
2024.11.14 18:30:30	2.05660532e-09
2024.11.14 18:30:31	2.88913987e-11
2024.11.14 18:30:32	1.76653568e-09
2024.11.14 18:30:33	-1.79126672e-10
2024.11.14 18:30:34	5.64191233e-10
2024.11.14 18:30:35	1.36783438e-09
2024.11.14 18:30:36	-2.73890459e-10
2024.11.14 18:30:37	7.17662343e-10
2024.11.14 18:30:38	9.5988783e-10
2024.11.14 18:30:39	8.2976097e-10
2024.11.14 18:30:40	8.01331834e-10
2024.11.14 18:30:41	4.92078302e-10
2024.11.14 18:30:42	-5.74823268e-10
2024.11.14 18:30:43	6.09030684e-10
2024.11.14 18:30:44	-3.16418598e-10
2024.11.14 18:30:45	8.80147569e-10
2024.11.14 18:30:46	-1.05234031e-09
2024.11.14 18:30:47	-4.53710525e-10
2024.11.14 18:30:48	1.64010692e-09
2024.11.14 18:30:49	7.59497088e-10
2024.11.14 18:30:50	7.40544331e-10
2024.11.14 18:30:51	1.65536158e-09
2024.11.14 18:30:52	3.83677774e-10
2024.11.14 18:30:53	2.08318541e-09
2024.11.14 18:30:54	-2.53550915e-10
2024.11.14 18:30:55	3.79055151e-10
2024.11.14 18:30:56	1.092326e-09
2024.11.14 18:30:57	7.0726144e-10
2024.11.14 18:30:58	3.70272165e-10
2024.11.14 18:30:59	-1.21205196e-09
2024.11.14 18:31:00	3.49470358e-10
2024.11.14 18:31:01	4.779793e-10
2024.11.14 18:31:02	2.98852628e-10
2024.11.14 18:31:03	4.83757579e-10
2024.11.14 18:31:04	-1.50859327e-09
2024.11.14 18:31:05	7.78680977e-10
2024.11.14 18:31:06	1.35720234e-09
2024.11.14 18:31:07	4.73818938e-10
2024.11.14 18:31:08	4.69196314e-10
2024.11.14 18:31:09	1.33663167e-09
2024.11.14 18:31:10	-5.28828161e-10
2024.11.14 18:31:11	6.28214573e-10
2024.11.14 18:31:12	3.2057896e-10
2024.11.14 18:31:13	2.54174969e-09
2024.11.14 18:31:14	1.47715943e-09
2024.11.14 18:31:15	1.43370677e-09
2024.11.14 18:31:16	4.74281201e-10
2024.11.14 18:31:17	1.28601394e-09
2024.11.14 18:31:18	-2.16107662e-10
2024.11.14 18:31:19	-7.23440623e-11
2024.11.14 18:31:20	-1.88834182e-10
2024.11.14 18:31:21	-6.09955209e-10
2024.11.14 18:31:22	1.90798797e-09
2024.11.14 18:31:23	1.9156153e-09
2024.11.14 18:31:24	8.48482596e-10
2024.11.14 18:31:25	2.07694487e-09
2024.11.14 18:31:26	-6.14577833e-10
2024.11.14 18:31:27	2.19435951e-09
2024.11.14 18:31:28	-1.02576022e-09
2024.11.14 18:31:29	1.67177189e-09
2024.11.14 18:31:30	1.30635348e-09
2024.11.14 18:31:31	1.11844383e-09
2024.11.14 18:31:32	1.59018258e-09
2024.11.14 18:31:33	9.61274617e-10
2024.11.14 18:31:34	8.58190106e-10
2024.11.14 18:31:35	7.92317717e-10
2024.11.14 18:31:36	1.83818635e-09
2024.11.14 18:31:37	1.06089216e-10
2024.11.14 18:31:38	1.67223416e-09
2024.11.14 18:31:39	6.02790142e-10
2024.11.14 18:31:40	-2.49621685e-11
2024.11.14 18:31:41	5.32988523e-10
2024.11.14 18:31:42	8.57958975e-10
2024.11.14 18:31:43	1.90637005e-09
2024.11.14 18:31:44	1.07499116e-09
2024.11.14 18:31:45	5.82219466e-10
2024.11.14 18:31:46	2.4291888e-09
2024.11.14 18:31:47	2.35337777e-09
2024.11.14 18:31:48	2.03025637e-09
2024.11.14 18:31:49	1.19749069e-09
2024.11.14 18:31:50	5.70894038e-10
2024.11.14 18:31:51	1.44087183e-09
2024.11.14 18:31:52	-4.77054775e-10
2024.11.14 18:31:53	9.83925473e-10
2024.11.14 18:31:54	2.35545795e-09
2024.11.14 18:31:55	-6.56181447e-10
2024.11.14 18:31:56	1.57608358e-09
2024.11.14 18:31:57	1.56938078e-10
2024.11.14 18:31:58	1.00310936e-10
2024.11.14 18:31:59	3.58253344e-11
2024.11.14 18:32:00	4.71969889e-10
2024.11.14 18:32:01	2.22810467e-09
2024.11.14 18:32:02	1.96369059e-09
2024.11.14 18:32:03	2.51470734e-10
2024.11.14 18:32:04	1.17183513e-09
2024.11.14 18:32:05	1.07152419e-09
2024.11.14 18:32:06	7.45398086e-10
2024.11.14 18:32:07	2.53712707e-09
2024.11.14 18:32:08	2.36331641e-09
2024.11.14 18:32:09	7.38926412e-10
2024.11.14 18:32:10	9.58963305e-10
2024.11.14 18:32:11	1.16490119e-09
2024.11.14 18:32:12	6.35148508e-10
2024.11.14 18:32:13	1.47970187e-09
2024.11.14 18:32:14	5.93544894e-10
2024.11.14 18:32:15	1.92046905e-09
2024.11.14 18:32:16	2.04689781e-09
2024.11.14 18:32:17	6.98016192e-11
2024.11.14 18:32:18	5.10568797e-10
2024.11.14 18:32:19	1.93872842e-09
2024.11.14 18:32:20	1.56106005e-09
2024.11.14 18:32:21	1.73440845e-09
2024.11.14 18:32:22	2.15691626e-09
2024.11.14 18:32:23	2.82927689e-09
2024.11.14 18:32:24	1.60081462e-09
2024.11.14 18:32:25	1.59989009e-09
2024.11.14 18:32:26	2.03626578e-09
2024.11.14 18:32:27	1.1145146e-09
2024.11.14 18:32:28	1.4621359e-09
2024.11.14 18:32:29	4.71969889e-10
2024.11.14 18:32:30	1.3472637e-09
2024.11.14 18:32:31	-4.72663282e-10
2024.11.14 18:32:32	2.0230913e-09
2024.11.14 18:32:33	7.40544331e-10
2024.11.14 18:32:34	1.84095992e-09
2024.11.14 18:32:35	2.48234897e-10
2024.11.14 18:32:36	-2.49621685e-11
2024.11.14 18:32:37	9.70982127e-10
2024.11.14 18:32:38	3.31164768e-09
2024.11.14 18:32:39	1.65189461e-09
2024.11.14 18:32:40	1.69188031e-10
2024.11.14 18:32:41	1.0456375e-09
2024.11.14 18:32:42	9.40935072e-10
2024.11.14 18:32:43	5.29059293e-10
2024.11.14 18:32:44	3.71890084e-10
2024.11.14 18:32:45	1.29433466e-10
2024.11.14 18:32:46	-5.51247887e-10
2024.11.14 18:32:47	2.95847922e-11
2024.11.14 18:32:48	8.80840963e-10
2024.11.14 18:32:49	1.06274121e-09
2024.11.14 18:32:50	6.14577833e-10
2024.11.14 18:32:51	9.33538874e-10
2024.11.14 18:32:52	1.3398675e-09
2024.11.14 18:32:53	1.58787127e-10
2024.11.14 18:32:54	2.26924602e-09
2024.11.14 18:32:55	1.06736383e-09
2024.11.14 18:32:56	1.44572559e-09
2024.11.14 18:32:57	1.05026012e-09
2024.11.14 18:32:58	2.53319784e-09
2024.11.14 18:32:59	1.09902881e-09
2024.11.14 18:33:00	7.5972822e-10
2024.11.14 18:33:01	2.89907851e-09
2024.11.14 18:33:02	1.74180464e-09
2024.11.14 18:33:03	1.00495841e-09
2024.11.14 18:33:04	7.75676272e-10
2024.11.14 18:33:05	2.10722305e-09
2024.11.14 18:33:06	-1.55805535e-09
2024.11.14 18:33:07	-6.08568422e-10
2024.11.14 18:33:08	-8.08959163e-12
2024.11.14 18:33:09	1.25411783e-09
2024.11.14 18:33:10	2.99546021e-10
2024.11.14 18:33:11	1.63363525e-09
2024.11.14 18:33:12	1.344259e-09
2024.11.14 18:33:13	2.58543348e-09
2024.11.14 18:33:14	5.92389238e-10
2024.11.14 18:33:15	1.0389347e-09
2024.11.14 18:33:16	-3.24739321e-10
2024.11.14 18:33:17	1.47600378e-09
2024.11.14 18:33:18	1.00750085e-09
2024.11.14 18:33:19	-4.59951067e-10
2024.11.14 18:33:20	-4.03323925e-10
2024.11.14 18:33:21	1.02298664e-09
2024.11.14 18:33:22	7.87232831e-10
2024.11.14 18:33:23	1.29063656e-09
2024.11.14 18:33:24	1.51853191e-09
2024.11.14 18:33:25	6.79294566e-10
2024.11.14 18:33:26	9.98949001e-10
2024.11.14 18:33:27	1.05834972e-09
2024.11.14 18:33:28	2.68759347e-09
2024.11.14 18:33:29	-4.83988711e-10
2024.11.14 18:33:30	3.91305104e-10
2024.11.14 18:33:31	1.87031358e-09
2024.11.14 18:33:32	1.75197442e-10
2024.11.14 18:33:33	-4.50936951e-10
2024.11.14 18:33:34	1.78756862e-09
2024.11.14 18:33:35	1.10919858e-09
2024.11.14 18:33:36	1.82085151e-09
2024.11.14 18:33:37	2.3898965e-10
2024.11.14 18:33:38	1.71568682e-09
2024.11.14 18:33:39	3.06248826e-10
2024.11.14 18:33:40	9.09732361e-10
2024.11.14 18:33:41	2.42456618e-10
2024.11.14 18:33:42	3.96621121e-10
2024.11.14 18:33:43	1.07984492e-09
2024.11.14 18:33:44	1.05442049e-09
2024.11.14 18:33:45	2.92357841e-09
2024.11.14 18:33:46	1.99674235e-09
2024.11.14 18:33:47	3.95234334e-10
2024.11.14 18:33:48	1.10873632e-09
2024.11.14 18:33:49	9.8531226e-10
2024.11.14 18:33:50	4.88149072e-10
2024.11.14 18:33:51	1.19286807e-09
2024.11.14 18:33:52	9.09732361e-10
2024.11.14 18:33:53	6.0625711e-10
2024.11.14 18:33:54	1.32715529e-09
2024.11.14 18:33:55	7.22516098e-10
2024.11.14 18:33:56	1.58532883e-09
2024.11.14 18:33:57	4.08639943e-10
2024.11.14 18:33:58	1.50050368e-09
2024.11.14 18:33:59	1.7355641e-09
2024.11.14 18:34:00	1.33640054e-09
2024.11.14 18:34:01	1.20165105e-09
2024.11.14 18:34:02	1.27145267e-09
2024.11.14 18:34:03	1.14802862e-09
2024.11.14 18:34:04	1.61375796e-09
2024.11.14 18:34:05	1.40897573e-09
2024.11.14 18:34:06	5.63728971e-10
2024.11.14 18:34:07	1.96392172e-09
2024.11.14 18:34:08	1.27931113e-09
2024.11.14 18:34:09	1.94959158e-09
2024.11.14 18:34:10	2.04782234e-09
2024.11.14 18:34:11	8.72289109e-10
2024.11.14 18:34:12	7.68511205e-10
2024.11.14 18:34:13	7.2875664e-10
2024.11.14 18:34:14	3.15956336e-10
2024.11.14 18:34:15	2.0845722e-09
2024.11.14 18:34:16	1.52454133e-09
2024.11.14 18:34:17	4.21583289e-10
2024.11.14 18:34:18	4.81677399e-10
2024.11.14 18:34:19	1.02437343e-09
2024.11.14 18:34:20	1.40851347e-09
2024.11.14 18:34:21	1.46722079e-09
2024.11.14 18:34:22	5.70662907e-10
2024.11.14 18:34:23	2.23365181e-09
2024.11.14 18:34:24	2.26993941e-09
2024.11.14 18:34:25	2.26184982e-09
2024.11.14 18:34:26	1.18708979e-09
2024.11.14 18:34:27	7.36615101e-10
2024.11.14 18:34:28	5.46625263e-10
2024.11.14 18:34:29	2.61201357e-09
2024.11.14 18:34:30	1.38909845e-09
2024.11.14 18:34:31	-9.70750995e-10
2024.11.14 18:34:32	1.90105403e-09
2024.11.14 18:34:33	4.22045552e-10
2024.11.14 18:34:34	2.78235726e-09
2024.11.14 18:34:35	2.29397705e-09
2024.11.14 18:34:36	2.26393e-09
2024.11.14 18:34:37	1.52777716e-09
2024.11.14 18:34:38	1.70343687e-09
2024.11.14 18:34:39	1.89365783e-09
2024.11.14 18:34:40	1.24371693e-09
2024.11.14 18:34:41	1.7748564e-09
2024.11.14 18:34:42	8.65355173e-10
2024.11.14 18:34:43	2.59999475e-09
2024.11.14 18:34:44	7.91855455e-10
2024.11.14 18:34:45	1.29433466e-09
2024.11.14 18:34:46	1.05858085e-09
2024.11.14 18:34:47	1.59942783e-09
2024.11.14 18:34:48	1.69604067e-09
2024.11.14 18:34:49	2.38827858e-09
2024.11.14 18:34:50	5.72049694e-10
2024.11.14 18:34:51	5.76210055e-10
2024.11.14 18:34:52	1.97617167e-09
2024.11.14 18:34:53	2.52025449e-09
2024.11.14 18:34:54	1.84049766e-09
2024.11.14 18:34:55	1.38332017e-09
2024.11.14 18:34:56	1.40181066e-09
2024.11.14 18:34:57	2.34297687e-09
2024.11.14 18:34:58	2.12478902e-09
2024.11.14 18:34:59	9.07883312e-10
2024.11.14 18:35:00	7.83765863e-10
2024.11.14 18:35:01	2.49829703e-09
2024.11.14 18:35:02	1.6821728e-09
2024.11.14 18:35:03	1.41891437e-09
2024.11.14 18:35:04	1.64727199e-09
2024.11.14 18:35:05	1.72978582e-09
2024.11.14 18:35:06	1.35905139e-09
2024.11.14 18:35:07	1.71152646e-09
2024.11.14 18:35:08	1.1427126e-09
2024.11.14 18:35:09	1.76746021e-09
2024.11.14 18:35:10	8.62350468e-10
2024.11.14 18:35:11	1.66830493e-09
2024.11.14 18:35:12	1.13924563e-09
2024.11.14 18:35:13	1.66622474e-09
2024.11.14 18:35:14	4.43771884e-10
2024.11.14 18:35:15	1.17992472e-09
2024.11.14 18:35:16	2.30900058e-09
2024.11.14 18:35:17	2.21423679e-09
2024.11.14 18:35:18	1.65189461e-09
2024.11.14 18:35:19	1.61976738e-09
2024.11.14 18:35:20	2.56093358e-10
2024.11.14 18:35:21	1.97709619e-09
2024.11.14 18:35:22	1.10110899e-09
2024.11.14 18:35:23	8.85694718e-10
2024.11.14 18:35:24	1.36968343e-09
2024.11.14 18:35:25	1.67801243e-09
2024.11.14 18:35:26	7.56492383e-10
2024.11.14 18:35:27	7.5210089e-10
2024.11.14 18:35:28	2.18187843e-10
2024.11.14 18:35:29	3.16880861e-10
2024.11.14 18:35:30	8.9586449e-10
2024.11.14 18:35:31	9.16666297e-10
2024.11.14 18:35:32	2.47356599e-09
2024.11.14 18:35:33	9.47175614e-10
2024.11.14 18:35:34	1.16628798e-09
2024.11.14 18:35:35	2.65823981e-09
2024.11.14 18:35:36	1.95721891e-09
2024.11.14 18:35:37	7.03563341e-10
2024.11.14 18:35:38	8.2398269e-10
2024.11.14 18:35:39	2.04296858e-09
2024.11.14 18:35:40	1.7288613e-09
2024.11.14 18:35:41	9.76760406e-10
2024.11.14 18:35:42	-6.29139098e-10
2024.11.14 18:35:43	1.61283344e-09
2024.11.14 18:35:44	-2.27201959e-10
2024.11.14 18:35:45	1.06158555e-09
2024.11.14 18:35:46	8.61425943e-10
2024.11.14 18:35:47	8.9008621e-10
2024.11.14 18:35:48	2.13727011e-09
2024.11.14 18:35:49	2.24428385e-10
2024.11.14 18:35:50	1.69049352e-09
2024.11.14 18:35:51	2.11669943e-09
2024.11.14 18:35:52	1.51067345e-09
2024.11.14 18:35:53	2.06469491e-09
2024.11.14 18:35:54	8.80609832e-11
2024.11.14 18:35:55	1.46860758e-09
2024.11.14 18:35:56	1.65952194e-09
2024.11.14 18:35:57	4.86531154e-10
2024.11.14 18:35:58	9.62661404e-10
2024.11.14 18:35:59	1.34472126e-09
2024.11.14 18:36:00	5.97705256e-10
2024.11.14 18:36:01	1.42122568e-09
2024.11.14 18:36:02	1.6814794e-09
2024.11.14 18:36:03	1.84211558e-09
2024.11.14 18:36:04	1.97085565e-09
2024.11.14 18:36:05	2.09404858e-10
2024.11.14 18:36:06	2.78605536e-09
2024.11.14 18:36:07	5.35068703e-10
2024.11.14 18:36:08	9.47869008e-10
2024.11.14 18:36:09	9.34463399e-10
2024.11.14 18:36:10	1.62947489e-09
2024.11.14 18:36:11	2.86140412e-09
2024.11.14 18:36:12	2.0801807e-11
2024.11.14 18:36:13	2.2854252e-09
2024.11.14 18:36:14	2.17494449e-10
2024.11.14 18:36:15	2.11461925e-09
2024.11.14 18:36:16	7.84690388e-10
2024.11.14 18:36:17	1.33778732e-09
2024.11.14 18:36:18	4.54866181e-10
2024.11.14 18:36:19	-1.00773199e-10
2024.11.14 18:36:20	1.77439414e-09
2024.11.14 18:36:21	2.14189273e-09
2024.11.14 18:36:22	9.13199329e-10
2024.11.14 18:36:23	7.65044237e-10
2024.11.14 18:36:24	1.65489932e-09
2024.11.14 18:36:25	1.83887974e-09
2024.11.14 18:36:26	7.84459257e-10
2024.11.14 18:36:27	2.56648073e-09
2024.11.14 18:36:28	1.66691814e-09
2024.11.14 18:36:29	1.09741089e-09
2024.11.14 18:36:30	1.36136271e-10
2024.11.14 18:36:31	1.76191306e-09
2024.11.14 18:36:32	3.42975572e-09
2024.11.14 18:36:33	2.35199098e-09
2024.11.14 18:36:34	4.88380203e-10
2024.11.14 18:36:35	1.26544326e-09
2024.11.14 18:36:36	2.15506721e-09
2024.11.14 18:36:37	1.94173312e-09
2024.11.14 18:36:38	1.00703859e-09
2024.11.14 18:36:39	1.92717186e-09
2024.11.14 18:36:40	8.28605314e-10
2024.11.14 18:36:41	1.87008245e-09
2024.11.14 18:36:42	7.35690576e-10
2024.11.14 18:36:43	8.97482408e-10
2024.11.14 18:36:44	9.25449282e-10
2024.11.14 18:36:45	1.10989197e-09
2024.11.14 18:36:46	1.9874971e-09
2024.11.14 18:36:47	1.11520799e-09
2024.11.14 18:36:48	-7.16968949e-10
2024.11.14 18:36:49	1.33478262e-09
2024.11.14 18:36:50	1.77971016e-09
2024.11.14 18:36:51	4.16267272e-10
2024.11.14 18:36:52	9.16897428e-10
2024.11.14 18:36:53	1.34703257e-09
2024.11.14 18:36:54	1.97778959e-09
2024.11.14 18:36:55	1.23632073e-09
2024.11.14 18:36:56	5.63960102e-11
2024.11.14 18:36:57	6.20818375e-10
2024.11.14 18:36:58	8.24444953e-10
2024.11.14 18:36:59	1.4443388e-09
2024.11.14 18:37:00	2.60207493e-09
2024.11.14 18:37:01	6.3745982e-10
2024.11.14 18:37:02	1.52454133e-09
2024.11.14 18:37:03	1.00218484e-09
2024.11.14 18:37:04	3.98007908e-10
2024.11.14 18:37:05	1.09486844e-09
2024.11.14 18:37:06	1.59018258e-10
2024.11.14 18:37:07	3.88993792e-10
2024.11.14 18:37:08	1.95375194e-09
2024.11.14 18:37:09	2.22117073e-09
2024.11.14 18:37:10	-5.1103106e-10
2024.11.14 18:37:11	1.8467382e-10
2024.11.14 18:37:12	1.30450443e-09
2024.11.14 18:37:13	2.30206665e-10
2024.11.14 18:37:14	6.51327692e-10
2024.11.14 18:37:15	5.63266709e-10
2024.11.14 18:37:16	4.8583776e-10
2024.11.14 18:37:17	3.55017507e-10
2024.11.14 18:37:18	2.04551103e-09
2024.11.14 18:37:19	8.68128747e-10
2024.11.14 18:37:20	1.04771768e-09
2024.11.14 18:37:21	9.08807837e-10
2024.11.14 18:37:22	9.34232268e-10
2024.11.14 18:37:23	3.2124924e-09
2024.11.14 18:37:24	1.7607574e-09
2024.11.14 18:37:25	9.47637877e-10
2024.11.14 18:37:26	1.93803502e-09
2024.11.14 18:37:27	-1.35211746e-10
2024.11.14 18:37:28	2.07555808e-09
2024.11.14 18:37:29	1.76283758e-09
2024.11.14 18:37:30	1.06320347e-09
2024.11.14 18:37:31	7.23440623e-10
2024.11.14 18:37:32	9.84849998e-10
2024.11.14 18:37:33	2.13657671e-09
2024.11.14 18:37:34	1.40273519e-09
2024.11.14 18:37:35	9.54571812e-10
2024.11.14 18:37:36	1.56036666e-09
2024.11.14 18:37:37	1.98703484e-09
2024.11.14 18:37:38	2.79738079e-09
2024.11.14 18:37:39	1.28994317e-09
2024.11.14 18:37:40	1.67223416e-09
2024.11.14 18:37:41	1.9831056e-09
2024.11.14 18:37:42	1.43185772e-09
2024.11.14 18:37:43	1.59318729e-09
2024.11.14 18:37:44	1.16605685e-09
2024.11.14 18:37:45	7.17200081e-10
2024.11.14 18:37:46	1.19263694e-09
2024.11.14 18:37:47	1.15103332e-09
2024.11.14 18:37:48	4.89073597e-10
2024.11.14 18:37:49	5.02248075e-10
2024.11.14 18:37:50	6.85766239e-10
2024.11.14 18:37:51	1.9911952e-09
2024.11.14 18:37:52	8.81765488e-10
2024.11.14 18:37:53	1.00102918e-09
2024.11.14 18:37:54	1.02576022e-09
2024.11.14 18:37:55	3.13182762e-10
2024.11.14 18:37:56	-1.11174102e-10
2024.11.14 18:37:57	-4.0216827e-11
2024.11.14 18:37:58	5.64422364e-10
2024.11.14 18:37:59	4.81446268e-10
2024.11.14 18:38:00	1.2538867e-09
2024.11.14 18:38:01	7.9277998e-10
2024.11.14 18:38:02	1.14386826e-09
2024.11.14 18:38:03	7.70129123e-10
2024.11.14 18:38:04	4.69427446e-10
2024.11.14 18:38:05	-9.45326565e-11
2024.11.14 18:38:06	5.00399025e-10
2024.11.14 18:38:07	1.40157953e-09
2024.11.14 18:38:08	1.88348806e-09
2024.11.14 18:38:09	2.53574028e-09
2024.11.14 18:38:10	-1.79588934e-10
2024.11.14 18:38:11	9.68901946e-10
2024.11.14 18:38:12	2.32749108e-10
2024.11.14 18:38:13	1.71013967e-09
2024.11.14 18:38:14	4.28054963e-10
2024.11.14 18:38:15	2.25907625e-09
2024.11.14 18:38:16	1.57585245e-09
2024.11.14 18:38:17	1.16351441e-09
2024.11.14 18:38:18	1.32877321e-09
2024.11.14 18:38:19	1.48940938e-09
2024.11.14 18:38:20	1.52107436e-09
2024.11.14 18:38:21	1.09070808e-09
2024.11.14 18:38:22	2.91918692e-10
2024.11.14 18:38:23	6.78370041e-10
2024.11.14 18:38:24	8.98406933e-10
2024.11.14 18:38:25	1.29179222e-09
2024.11.14 18:38:26	8.93322047e-10
2024.11.14 18:38:27	1.65536158e-09
2024.11.14 18:38:28	1.62485226e-09
2024.11.14 18:38:29	1.54857897e-09
2024.11.14 18:38:30	1.05950537e-09
2024.11.14 18:38:31	-8.88930554e-10
2024.11.14 18:38:32	1.34495239e-09
2024.11.14 18:38:33	1.81992699e-09
2024.11.14 18:38:34	-1.10942971e-11
2024.11.14 18:38:35	2.11253907e-09
2024.11.14 18:38:36	-2.24428385e-10
2024.11.14 18:38:37	8.4732694e-10
2024.11.14 18:38:38	1.0597365e-09
2024.11.14 18:38:39	2.73659328e-10
2024.11.14 18:38:40	1.61745606e-09
2024.11.14 18:38:41	2.08988821e-09
2024.11.14 18:38:42	7.95553554e-10
2024.11.14 18:38:43	1.43185772e-09
2024.11.14 18:38:44	1.18339169e-10
2024.11.14 18:38:45	8.9586449e-10
2024.11.14 18:38:46	2.92380955e-10
2024.11.14 18:38:47	-9.24524758e-13
2024.11.14 18:38:48	-5.91695845e-10
2024.11.14 18:38:49	1.16143423e-09
2024.11.14 18:38:50	1.33732506e-09
2024.11.14 18:38:51	1.73463958e-09
2024.11.14 18:38:52	1.74781405e-09
2024.11.14 18:38:53	6.8021909e-10
2024.11.14 18:38:54	1.86985132e-09
2024.11.14 18:38:55	-3.34446831e-10
2024.11.14 18:38:56	-1.16328328e-09
2024.11.14 18:38:57	2.1023693e-09
2024.11.14 18:38:58	1.53309318e-09
2024.11.14 18:38:59	1.6065929e-09
2024.11.14 18:39:00	1.4369426e-09
2024.11.14 18:39:01	-7.71978173e-10
2024.11.14 18:39:02	6.81837009e-10
2024.11.14 18:39:03	1.50674422e-09
2024.11.14 18:39:04	6.60341808e-10
2024.11.14 18:39:05	1.98888388e-09
2024.11.14 18:39:06	2.13842576e-09
2024.11.14 18:39:07	1.49865463e-09
2024.11.14 18:39:08	2.6552351e-09
2024.11.14 18:39:09	8.60501418e-10
2024.11.14 18:39:10	2.49298101e-09
2024.11.14 18:39:11	5.47780919e-10
2024.11.14 18:39:12	1.23424055e-09
2024.11.14 18:39:13	1.92925204e-09
2024.11.14 18:39:14	8.62119336e-11
2024.11.14 18:39:15	1.24672164e-09
2024.11.14 18:39:16	2.38689179e-09
2024.11.14 18:39:17	7.23440623e-10
2024.11.14 18:39:18	9.95482033e-10
2024.11.14 18:39:19	-3.40456242e-10
2024.11.14 18:39:20	2.27086394e-09
2024.11.14 18:39:21	5.00861287e-10
2024.11.14 18:39:22	1.3620561e-09
2024.11.14 18:39:23	5.8106381e-10
2024.11.14 18:39:24	1.1360098e-09
2024.11.14 18:39:25	2.12802486e-09
2024.11.14 18:39:26	4.24819126e-10
2024.11.14 18:39:27	1.88348806e-09
2024.11.14 18:39:28	6.34686246e-10
2024.11.14 18:39:29	4.33833242e-10
2024.11.14 18:39:30	1.65605497e-09
2024.11.14 18:39:31	1.35674008e-09
2024.11.14 18:39:32	1.92324263e-09
2024.11.14 18:39:33	1.49218296e-09
2024.11.14 18:39:34	1.33270244e-09
2024.11.14 18:39:35	1.36968343e-09
2024.11.14 18:39:36	8.04105408e-10
2024.11.14 18:39:37	1.37661736e-09
2024.11.14 18:39:38	1.76491776e-09
2024.11.14 18:39:39	1.00750085e-09
2024.11.14 18:39:40	1.18893884e-09
2024.11.14 18:39:41	1.2071982e-09
2024.11.14 18:39:42	9.08345574e-10
2024.11.14 18:39:43	1.61976738e-09
2024.11.14 18:39:44	1.27122154e-09
2024.11.14 18:39:45	2.07833166e-09
2024.11.14 18:39:46	1.19933974e-09
2024.11.14 18:39:47	1.31929683e-09
2024.11.14 18:39:48	2.27641108e-09
2024.11.14 18:39:49	5.87535483e-10
2024.11.14 18:39:50	1.64865877e-09
2024.11.14 18:39:51	7.31299083e-10
2024.11.14 18:39:52	-2.80362133e-10
2024.11.14 18:39:53	1.39996161e-09
2024.11.14 18:39:54	2.66471148e-09
2024.11.14 18:39:55	1.36829664e-09
2024.11.14 18:39:56	4.79828349e-10
2024.11.14 18:39:57	2.76872052e-09
2024.11.14 18:39:58	1.78063468e-09
2024.11.14 18:39:59	7.51176366e-10
2024.11.14 18:40:00	1.1930992e-09
2024.11.14 18:40:01	7.38233019e-10
2024.11.14 18:40:02	1.00865651e-09
2024.11.14 18:40:03	9.72831176e-10
2024.11.14 18:40:04	1.09833541e-09
2024.11.14 18:40:05	-2.00621872e-10
2024.11.14 18:40:06	1.83055902e-10
2024.11.14 18:40:07	1.01420366e-09
2024.11.14 18:40:08	4.30366275e-10
2024.11.14 18:40:09	6.98478454e-10
2024.11.14 18:40:10	-3.69347641e-10
2024.11.14 18:40:11	1.22245286e-09
2024.11.14 18:40:12	-9.19439871e-10
2024.11.14 18:40:13	5.23281013e-10
2024.11.14 18:40:14	1.04309506e-09
2024.11.14 18:40:15	1.03223189e-09
2024.11.14 18:40:16	2.62911728e-09
2024.11.14 18:40:17	1.23816978e-09
2024.11.14 18:40:18	1.01813289e-09
2024.11.14 18:40:19	6.21742899e-10
2024.11.14 18:40:20	8.90317342e-10
2024.11.14 18:40:21	1.11821269e-09
2024.11.14 18:40:22	1.65050782e-09
2024.11.14 18:40:23	9.69595339e-10
2024.11.14 18:40:24	2.35129759e-09
2024.11.14 18:40:25	1.74873858e-09
2024.11.14 18:40:26	1.16836816e-09
2024.11.14 18:40:27	1.98171882e-09
2024.11.14 18:40:28	9.31689824e-10
2024.11.14 18:40:29	9.41397334e-10
2024.11.14 18:40:30	-3.90149448e-10
2024.11.14 18:40:31	1.20003314e-09
2024.11.14 18:40:32	1.92694073e-09
2024.11.14 18:40:33	9.51335976e-10
2024.11.14 18:40:34	1.0382413e-09
2024.11.14 18:40:35	9.43246384e-10
2024.11.14 18:40:36	2.93767742e-10
2024.11.14 18:40:37	9.32152087e-10
2024.11.14 18:40:38	4.53017131e-10
2024.11.14 18:40:39	5.19814045e-10
2024.11.14 18:40:40	-3.69347641e-10
2024.11.14 18:40:41	3.88300398e-11
2024.11.14 18:40:42	1.36298062e-09
2024.11.14 18:40:43	7.45629217e-10
2024.11.14 18:40:44	8.81765488e-10
2024.11.14 18:40:45	1.3257685e-09
2024.11.14 18:40:46	2.63258425e-10
2024.11.14 18:40:47	3.09715794e-10
2024.11.14 18:40:48	-5.3437531e-10
2024.11.14 18:40:49	5.72743087e-10
2024.11.14 18:40:50	2.12871825e-10
2024.11.14 18:40:51	9.71906651e-10
2024.11.14 18:40:52	8.99331458e-10
2024.11.14 18:40:53	1.01628384e-09
2024.11.14 18:40:54	5.91926976e-10
2024.11.14 18:40:55	7.41237724e-10
2024.11.14 18:40:56	-5.09875404e-10
2024.11.14 18:40:57	7.44935823e-10
2024.11.14 18:40:58	6.09955209e-10
2024.11.14 18:40:59	8.29992101e-10
2024.11.14 18:41:00	3.92923022e-10
2024.11.14 18:41:01	5.26054587e-10
2024.11.14 18:41:02	9.72368914e-10
2024.11.14 18:41:03	7.25289672e-10
2024.11.14 18:41:04	1.37569284e-09
2024.11.14 18:41:05	1.09902881e-09
2024.11.14 18:41:06	-8.55185401e-11
2024.11.14 18:41:07	3.30748732e-10
2024.11.14 18:41:08	1.44942369e-09
2024.11.14 18:41:09	2.6552351e-09
2024.11.14 18:41:10	1.652588e-10
2024.11.14 18:41:11	1.45612649e-09
2024.11.14 18:41:12	-3.95465465e-10
2024.11.14 18:41:13	-3.34909093e-10
2024.11.14 18:41:14	1.2545801e-09
2024.11.14 18:41:15	1.53078187e-09
2024.11.14 18:41:16	4.18347453e-10
2024.11.14 18:41:17	1.13924563e-09
2024.11.14 18:41:18	1.50628196e-09
2024.11.14 18:41:19	1.83887974e-09
2024.11.14 18:41:20	7.00789766e-10
2024.11.14 18:41:21	1.14849088e-09
2024.11.14 18:41:22	3.31210994e-10
2024.11.14 18:41:23	6.17582538e-10
2024.11.14 18:41:24	2.33881651e-09
2024.11.14 18:41:25	1.71684247e-09
2024.11.14 18:41:26	3.01395071e-10
2024.11.14 18:41:27	9.20826659e-10
2024.11.14 18:41:28	1.9445067e-09
2024.11.14 18:41:29	1.91584643e-09
2024.11.14 18:41:30	7.81916814e-10
2024.11.14 18:41:31	1.41406062e-09
2024.11.14 18:41:32	1.48293771e-09
2024.11.14 18:41:33	8.56572188e-10
2024.11.14 18:41:34	1.50189047e-09
2024.11.14 18:41:35	1.69835198e-09
2024.11.14 18:41:36	7.83534732e-10
2024.11.14 18:41:37	1.03546773e-09
2024.11.14 18:41:38	1.38632487e-09
2024.11.14 18:41:39	1.77277622e-09
2024.11.14 18:41:40	2.33442501e-10
2024.11.14 18:41:41	1.3946456e-09
2024.11.14 18:41:42	-1.87678526e-10
2024.11.14 18:41:43	1.63340412e-09
2024.11.14 18:41:44	1.69881424e-10
2024.11.14 18:41:45	1.07591569e-09
2024.11.14 18:41:46	1.6139891e-09
2024.11.14 18:41:47	6.33068328e-10
2024.11.14 18:41:48	1.0567318e-09
2024.11.14 18:41:49	1.14433052e-09
2024.11.14 18:41:50	2.42456618e-10
2024.11.14 18:41:51	2.82904576e-10
2024.11.14 18:41:52	1.57331001e-09
2024.11.14 18:41:53	3.59871262e-10
2024.11.14 18:41:54	-1.1071184e-09
2024.11.14 18:41:55	1.1612031e-09
2024.11.14 18:41:56	3.85295693e-10
2024.11.14 18:41:57	-3.28206289e-10
2024.11.14 18:41:58	1.25504236e-09
2024.11.14 18:41:59	1.32415058e-09
2024.11.14 18:42:00	1.00842538e-09
2024.11.14 18:42:01	-8.85001324e-10
2024.11.14 18:42:02	8.48251465e-10
2024.11.14 18:42:03	1.64519181e-09
2024.11.14 18:42:04	3.21041222e-09
2024.11.14 18:42:05	8.92628653e-10
2024.11.14 18:42:06	2.43519821e-09
2024.11.14 18:42:07	2.01338379e-09
2024.11.14 18:42:08	8.8800603e-10
2024.11.14 18:42:09	-1.94150199e-10
2024.11.14 18:42:10	7.03563341e-10
2024.11.14 18:42:11	1.14433052e-09
2024.11.14 18:42:12	1.1279202e-10
2024.11.14 18:42:13	5.63728971e-10
2024.11.14 18:42:14	1.41128704e-09
2024.11.14 18:42:15	1.46698966e-09
2024.11.14 18:42:16	1.23008019e-09
2024.11.14 18:42:17	1.6317862e-09
2024.11.14 18:42:18	5.08950879e-10
2024.11.14 18:42:19	6.56643709e-10
2024.11.14 18:42:20	2.51470734e-10
2024.11.14 18:42:21	2.78027708e-09
2024.11.14 18:42:22	2.93536611e-10
2024.11.14 18:42:23	1.00079805e-09
2024.11.14 18:42:24	1.52777716e-10
2024.11.14 18:42:25	1.41891437e-09
2024.11.14 18:42:26	2.91294638e-09
2024.11.14 18:42:27	5.93544894e-10
2024.11.14 18:42:28	9.62430273e-10
2024.11.14 18:42:29	7.63426319e-10
2024.11.14 18:42:30	1.87447395e-10
2024.11.14 18:42:31	-6.52252216e-10
2024.11.14 18:42:32	9.92015065e-10
2024.11.14 18:42:33	1.03038284e-09
2024.11.14 18:42:34	-3.49470358e-10
2024.11.14 18:42:35	2.71163111e-09
2024.11.14 18:42:36	2.81055526e-10
2024.11.14 18:42:37	1.56475815e-10
2024.11.14 18:42:38	2.10676079e-09
2024.11.14 18:42:39	1.34957501e-09
2024.11.14 18:42:40	7.68280074e-10
2024.11.14 18:42:41	1.35951366e-09
2024.11.14 18:42:42	-2.76432903e-10
2024.11.14 18:42:43	1.01559045e-09
2024.11.14 18:42:44	6.08106159e-10
2024.11.14 18:42:45	1.95906796e-09
2024.11.14 18:42:46	1.96646416e-09
2024.11.14 18:42:47	1.15889178e-09
2024.11.14 18:42:48	1.98564805e-09
2024.11.14 18:42:49	1.1605097e-09
2024.11.14 18:42:50	1.35188633e-09
2024.11.14 18:42:51	8.7829852e-10
2024.11.14 18:42:52	2.85839942e-09
2024.11.14 18:42:53	1.45127274e-09
2024.11.14 18:42:54	9.31920956e-10
2024.11.14 18:42:55	1.62439e-09
2024.11.14 18:42:56	4.90922646e-10
2024.11.14 18:42:57	9.25218151e-10
2024.11.14 18:42:58	2.77935255e-09
2024.11.14 18:42:59	2.17240205e-09
2024.11.14 18:43:00	2.36192962e-09
2024.11.14 18:43:01	5.69738382e-10
2024.11.14 18:43:02	1.08747225e-09
2024.11.14 18:43:03	6.09955209e-10
2024.11.14 18:43:04	6.04870323e-10
2024.11.14 18:43:05	2.17771807e-09
2024.11.14 18:43:06	1.32253267e-09
2024.11.14 18:43:07	6.03714667e-10
2024.11.14 18:43:08	7.53718809e-10
2024.11.14 18:43:09	1.37291926e-09
2024.11.14 18:43:10	7.21129311e-11
2024.11.14 18:43:11	1.18223603e-09
2024.11.14 18:43:12	1.31097611e-09
2024.11.14 18:43:13	1.19494825e-09
2024.11.14 18:43:14	9.2105779e-10
2024.11.14 18:43:15	1.67500773e-09
2024.11.14 18:43:16	1.16628798e-09
2024.11.14 18:43:17	3.30517601e-09
2024.11.14 18:43:18	1.22638209e-09
2024.11.14 18:43:19	1.68332845e-09
2024.11.14 18:43:20	2.28288276e-09
2024.11.14 18:43:21	2.21839716e-09
2024.11.14 18:43:22	2.88220593e-09
2024.11.14 18:43:23	1.23331603e-09
2024.11.14 18:43:24	1.91838887e-10
2024.11.14 18:43:25	1.9119172e-09
2024.11.14 18:43:26	1.95999249e-09
2024.11.14 18:43:27	1.31005158e-09
2024.11.14 18:43:28	1.84604481e-09
2024.11.14 18:43:29	-2.79668739e-11
2024.11.14 18:43:30	1.3983437e-09
2024.11.14 18:43:31	1.0100433e-10
2024.11.14 18:43:32	2.38689179e-09
2024.11.14 18:43:33	1.06990628e-09
2024.11.14 18:43:34	1.80282328e-10
2024.11.14 18:43:35	2.2535291e-10
2024.11.14 18:43:36	1.03708565e-09
2024.11.14 18:43:37	1.76699794e-09
2024.11.14 18:43:38	2.21215661e-09
2024.11.14 18:43:39	1.77693658e-09
2024.11.14 18:43:40	9.79533981e-10
2024.11.14 18:43:41	2.30229778e-09
2024.11.14 18:43:42	2.1312607e-09
2024.11.14 18:43:43	6.70742712e-10
2024.11.14 18:43:44	1.7926535e-09
2024.11.14 18:43:45	1.30357991e-09
2024.11.14 18:43:46	1.6273947e-09
2024.11.14 18:43:47	1.54788558e-09
2024.11.14 18:43:48	6.47629593e-10
2024.11.14 18:43:49	2.39035876e-09
2024.11.14 18:43:50	-4.91847171e-10
2024.11.14 18:43:51	9.52722763e-10
2024.11.14 18:43:52	2.5410563e-09
2024.11.14 18:43:53	1.59457408e-09
2024.11.14 18:43:54	1.91307285e-09
2024.11.14 18:43:55	1.14664183e-09
2024.11.14 18:43:56	-1.58324865e-10
2024.11.14 18:43:57	2.46408961e-09
2024.11.14 18:43:58	1.92162471e-09
2024.11.14 18:43:59	1.77508753e-10
2024.11.14 18:44:00	-1.07036854e-09
2024.11.14 18:44:01	-8.20515722e-11
2024.11.14 18:44:02	8.33921331e-10
2024.11.14 18:44:03	2.16939734e-09
2024.11.14 18:44:04	1.89989838e-10
2024.11.14 18:44:05	2.15160024e-09
2024.11.14 18:44:06	2.38296256e-09
2024.11.14 18:44:07	2.2928214e-09
2024.11.14 18:44:08	1.29803276e-09
2024.11.14 18:44:09	1.38031546e-09
2024.11.14 18:44:10	1.10596274e-09
2024.11.14 18:44:11	1.62207869e-09
2024.11.14 18:44:12	7.16737818e-10
2024.11.14 18:44:13	6.3537964e-10
2024.11.14 18:44:14	1.61791833e-12
2024.11.14 18:44:15	2.2461329e-09
2024.11.14 18:44:16	1.94242652e-09
2024.11.14 18:44:17	2.28403841e-09
2024.11.14 18:44:18	8.36463774e-10
2024.11.14 18:44:19	2.65431058e-09
2024.11.14 18:44:20	2.16546811e-09
2024.11.14 18:44:21	1.12560889e-09
2024.11.14 18:44:22	2.34436365e-09
2024.11.14 18:44:23	1.77346962e-09
2024.11.14 18:44:24	2.0919684e-09
2024.11.14 18:44:25	1.33015999e-09
2024.11.14 18:44:26	1.68263506e-09
2024.11.14 18:44:27	1.43856052e-09
2024.11.14 18:44:28	1.20188218e-11
2024.11.14 18:44:29	1.49634332e-09
2024.11.14 18:44:30	1.57562132e-09
2024.11.14 18:44:31	3.52267046e-09
2024.11.14 18:44:32	1.31513647e-09
2024.11.14 18:44:33	1.10503822e-09
2024.11.14 18:44:34	2.15899644e-09
2024.11.14 18:44:35	1.94404443e-09
2024.11.14 18:44:36	2.23480747e-09
2024.11.14 18:44:37	1.33085339e-09
2024.11.14 18:44:38	2.05360062e-09
2024.11.14 18:44:39	2.31593452e-09
2024.11.14 18:44:40	1.93086996e-09
2024.11.14 18:44:41	1.58486657e-09
2024.11.14 18:44:42	1.09648636e-09
2024.11.14 18:44:43	2.12594468e-09
2024.11.14 18:44:44	9.93864114e-10
2024.11.14 18:44:45	1.63663995e-09
2024.11.14 18:44:46	1.85159196e-09
2024.11.14 18:44:47	2.96772447e-10
2024.11.14 18:44:48	2.1853454e-09
2024.11.14 18:44:49	1.05904311e-09
2024.11.14 18:44:50	1.77601206e-09
2024.11.14 18:44:51	3.09161079e-09
2024.11.14 18:44:52	2.41462754e-09
2024.11.14 18:44:53	1.83934201e-09
2024.11.14 18:44:54	2.7063151e-09
2024.11.14 18:44:55	1.76930925e-09
2024.11.14 18:44:56	8.37388299e-10
2024.11.14 18:44:57	-5.56332773e-10
2024.11.14 18:44:58	1.95513873e-09
2024.11.14 18:44:59	1.42446152e-09
2024.11.14 18:45:00	1.25296218e-09
2024.11.14 18:45:01	1.00195371e-09
2024.11.14 18:45:02	1.610291e-09
2024.11.14 18:45:03	2.20083119e-09
2024.11.14 18:45:04	2.18488313e-09
2024.11.14 18:45:05	1.78317713e-09
2024.11.14 18:45:06	2.37071261e-09
2024.11.14 18:45:07	1.47900848e-09
2024.11.14 18:45:08	1.44364541e-09
2024.11.14 18:45:09	1.40481537e-09
2024.11.14 18:45:10	8.56803319e-10
2024.11.14 18:45:11	1.69534727e-09
2024.11.14 18:45:12	1.51645173e-09
2024.11.14 18:45:13	2.78882893e-09
2024.11.14 18:45:14	2.12548242e-09
2024.11.14 18:45:15	1.83726182e-09
2024.11.14 18:45:16	1.61075326e-09
2024.11.14 18:45:17	1.11959948e-09
2024.11.14 18:45:18	2.10306269e-09
2024.11.14 18:45:19	1.39441447e-09
2024.11.14 18:45:20	1.8363373e-09
2024.11.14 18:45:21	1.06828836e-09
2024.11.14 18:45:22	7.40775462e-10
2024.11.14 18:45:23	1.30334878e-09
2024.11.14 18:45:24	3.69717451e-09
2024.11.14 18:45:25	1.3479571e-09
2024.11.14 18:45:26	1.65351253e-09
2024.11.14 18:45:27	2.41925016e-09
2024.11.14 18:45:28	3.82961268e-09
2024.11.14 18:45:29	6.60572939e-10
2024.11.14 18:45:30	2.20083119e-09
2024.11.14 18:45:31	1.34148542e-09
2024.11.14 18:45:32	1.58463543e-09
2024.11.14 18:45:33	3.38607192e-10
2024.11.14 18:45:34	2.8997719e-09
2024.11.14 18:45:35	2.75739509e-09
2024.11.14 18:45:36	1.82709205e-09
2024.11.14 18:45:37	1.15611821e-09
2024.11.14 18:45:38	2.68204632e-09
2024.11.14 18:45:39	1.82709205e-09
2024.11.14 18:45:40	2.46732545e-09
2024.11.14 18:45:41	2.61039565e-09
2024.11.14 18:45:42	3.04307324e-09
2024.11.14 18:45:43	2.20522268e-09
2024.11.14 18:45:44	3.40248224e-09
2024.11.14 18:45:45	2.10652966e-09
2024.11.14 18:45:46	3.46881689e-09
2024.11.14 18:45:47	3.23884136e-09
2024.11.14 18:45:48	1.9371105e-09
2024.11.14 18:45:49	2.28773651e-09
2024.11.14 18:45:50	2.55607982e-09
2024.11.14 18:45:51	2.76224884e-09
2024.11.14 18:45:52	2.04366198e-09
2024.11.14 18:45:53	1.44341428e-09
2024.11.14 18:45:54	2.73844233e-09
2024.11.14 18:45:55	2.82003164e-09
2024.11.14 18:45:56	1.92093132e-09
2024.11.14 18:45:57	3.3784446e-09
2024.11.14 18:45:58	1.77346962e-09
2024.11.14 18:45:59	1.12075514e-09
2024.11.14 18:46:00	1.91029928e-09
2024.11.14 18:46:01	2.41254735e-09
2024.11.14 18:46:02	2.21978394e-09
2024.11.14 18:46:03	1.94358217e-09
2024.11.14 18:46:04	2.11207681e-09
2024.11.14 18:46:05	3.07774292e-09
2024.11.14 18:46:06	3.45795372e-09
2024.11.14 18:46:07	3.29223266e-09
2024.11.14 18:46:08	3.45610467e-09
2024.11.14 18:46:09	1.98703484e-09
2024.11.14 18:46:10	4.19179525e-09
2024.11.14 18:46:11	2.50499983e-09
2024.11.14 18:46:12	5.19213104e-09
2024.11.14 18:46:13	3.6800708e-09
2024.11.14 18:46:14	3.1406106e-09
2024.11.14 18:46:15	4.87386339e-09
2024.11.14 18:46:16	2.58890045e-09
2024.11.14 18:46:17	3.14084173e-09
2024.11.14 18:46:18	3.75357052e-09
2024.11.14 18:46:19	3.15216716e-09
2024.11.14 18:46:20	3.41981708e-09
2024.11.14 18:46:21	3.81805612e-09
2024.11.14 18:46:22	3.53307136e-09
2024.11.14 18:46:23	3.62344366e-09
2024.11.14 18:46:24	3.97638098e-09
2024.11.14 18:46:25	3.61512293e-09
2024.11.14 18:46:26	4.60598234e-09
2024.11.14 18:46:27	3.17551141e-09
2024.11.14 18:46:28	3.24924226e-09
2024.11.14 18:46:29	3.35371356e-09
2024.11.14 18:46:30	4.26021008e-09
2024.11.14 18:46:31	5.78521367e-09
2024.11.14 18:46:32	5.56217207e-09
2024.11.14 18:46:33	4.98318844e-09
2024.11.14 18:46:34	4.82093435e-09
2024.11.14 18:46:35	4.43425187e-09
2024.11.14 18:46:36	4.87802375e-09
2024.11.14 18:46:37	6.2886174e-09
2024.11.14 18:46:38	5.48289407e-09
2024.11.14 18:46:39	4.09795599e-09
2024.11.14 18:46:40	6.13583968e-09
2024.11.14 18:46:41	4.4559782e-09
2024.11.14 18:46:42	4.70028387e-09
2024.11.14 18:46:43	7.34927843e-09
2024.11.14 18:46:44	4.73009979e-09
2024.11.14 18:46:45	5.17710751e-09
2024.11.14 18:46:46	4.64458125e-09
2024.11.14 18:46:47	5.20322534e-09
2024.11.14 18:46:48	5.69091215e-09
2024.11.14 18:46:49	4.20936122e-09
2024.11.14 18:46:50	5.43851689e-09
2024.11.14 18:46:51	6.09562286e-09
2024.11.14 18:46:52	5.27764958e-09
2024.11.14 18:46:53	5.43481879e-09
2024.11.14 18:46:54	5.61024736e-09
2024.11.14 18:46:55	6.16681126e-09
2024.11.14 18:46:56	5.84392099e-09
2024.11.14 18:46:57	5.28319673e-09
2024.11.14 18:46:58	6.7310025e-09
2024.11.14 18:46:59	5.45816304e-09
2024.11.14 18:47:00	6.3286031e-09
2024.11.14 18:47:01	6.42359802e-09
2024.11.14 18:47:02	4.85722195e-09
2024.11.14 18:47:03	4.37438889e-09
2024.11.14 18:47:04	4.68664713e-09
2024.11.14 18:47:05	5.77643069e-09
2024.11.14 18:47:06	5.70478002e-09
2024.11.14 18:47:07	5.47018186e-09
2024.11.14 18:47:08	6.605036e-09
2024.11.14 18:47:09	6.01241563e-09
2024.11.14 18:47:10	5.73390255e-09
2024.11.14 18:47:11	6.61728595e-09
2024.11.14 18:47:12	6.54817773e-09
2024.11.14 18:47:13	5.47942711e-09
2024.11.14 18:47:14	5.5053138e-09
2024.11.14 18:47:15	6.65611599e-09
2024.11.14 18:47:16	6.43122534e-09
2024.11.14 18:47:17	4.58448714e-09
2024.11.14 18:47:18	7.60074916e-09
2024.11.14 18:47:19	7.18401963e-09
2024.11.14 18:47:20	5.81179376e-09
2024.11.14 18:47:21	5.7535487e-09
2024.11.14 18:47:22	7.02107214e-09
2024.11.14 18:47:23	6.87014347e-09
2024.11.14 18:47:24	4.28586564e-09
2024.11.14 18:47:25	7.14195375e-09
2024.11.14 18:47:26	6.05170793e-09
2024.11.14 18:47:27	6.38430571e-09
2024.11.14 18:47:28	4.04525808e-09
2024.11.14 18:47:29	6.33507477e-09
2024.11.14 18:47:30	5.74014309e-09
2024.11.14 18:47:31	8.12010095e-09
2024.11.14 18:47:32	6.29115984e-09
2024.11.14 18:47:33	7.08786905e-09
2024.11.14 18:47:34	6.47860724e-09
2024.11.14 18:47:35	6.25533451e-09
2024.11.14 18:47:36	5.1747962e-09
2024.11.14 18:47:37	7.11375575e-09
2024.11.14 18:47:38	5.2570789e-09
2024.11.14 18:47:39	5.51687036e-09
2024.11.14 18:47:40	6.16057072e-09
2024.11.14 18:47:41	5.61255867e-09
2024.11.14 18:47:42	5.6097851e-09
2024.11.14 18:47:43	5.30885229e-09
2024.11.14 18:47:44	6.50934769e-09
2024.11.14 18:47:45	5.87373692e-09
2024.11.14 18:47:46	6.84356339e-09
2024.11.14 18:47:47	5.66040283e-09
2024.11.14 18:47:48	5.7498506e-09
2024.11.14 18:47:49	4.74489219e-09
2024.11.14 18:47:50	6.5761446e-09
2024.11.14 18:47:51	5.1355039e-09
2024.11.14 18:47:52	5.89222741e-09
2024.11.14 18:47:53	3.39439265e-09
2024.11.14 18:47:54	6.633234e-09
2024.11.14 18:47:55	6.16010846e-09
2024.11.14 18:47:56	7.00951558e-09
2024.11.14 18:47:57	6.55719184e-09
2024.11.14 18:47:58	5.78012878e-09
2024.11.14 18:47:59	4.95429704e-09
2024.11.14 18:48:00	6.52390895e-09
2024.11.14 18:48:01	6.34593794e-09
2024.11.14 18:48:02	5.77065241e-09
2024.11.14 18:48:03	6.43214987e-09
2024.11.14 18:48:04	5.5305071e-09
2024.11.14 18:48:05	5.82219466e-09
2024.11.14 18:48:06	6.33299459e-09
2024.11.14 18:48:07	6.10602376e-09
2024.11.14 18:48:08	6.80380882e-09
2024.11.14 18:48:09	5.47942711e-09
2024.11.14 18:48:10	7.81385212e-09
2024.11.14 18:48:11	9.98995227e-09
2024.11.14 18:48:12	8.52966541e-09
2024.11.14 18:48:13	9.10263963e-09
2024.11.14 18:48:14	1.00641454e-08
2024.11.14 18:48:15	8.27773242e-09
2024.11.14 18:48:16	8.87613107e-09
2024.11.14 18:48:17	8.17811487e-09
2024.11.14 18:48:18	8.1864356e-09
2024.11.14 18:48:19	9.05756905e-09
2024.11.14 18:48:20	9.6203735e-09
2024.11.14 18:48:21	8.12148773e-09
2024.11.14 18:48:22	8.39422254e-09
2024.11.14 18:48:23	7.8730217e-09
2024.11.14 18:48:24	9.05363982e-09
2024.11.14 18:48:25	9.12136126e-09
2024.11.14 18:48:26	8.33435956e-09
2024.11.14 18:48:27	8.92628653e-09
2024.11.14 18:48:28	9.4218318e-09
2024.11.14 18:48:29	8.62096223e-09
2024.11.14 18:48:30	9.57068029e-09
2024.11.14 18:48:31	8.93322047e-09
2024.11.14 18:48:32	9.18122424e-09
2024.11.14 18:48:33	8.80586718e-09
2024.11.14 18:48:34	1.00121409e-08
2024.11.14 18:48:35	1.29417287e-08
2024.11.14 18:48:36	1.39097061e-08
2024.11.14 18:48:37	1.19522561e-08
2024.11.14 18:48:38	1.46051799e-08
2024.11.14 18:48:39	1.3983437e-08
2024.11.14 18:48:40	1.27200739e-08
2024.11.14 18:48:41	1.31582986e-08
2024.11.14 18:48:42	1.37909047e-08
2024.11.14 18:48:43	1.48446318e-08
2024.11.14 18:48:44	1.58842599e-08
2024.11.14 18:48:45	1.36880513e-08
2024.11.14 18:48:46	1.49576549e-08
2024.11.14 18:48:47	1.50711403e-08
2024.11.14 18:48:48	1.54453417e-08
2024.11.14 18:48:49	1.43895345e-08
2024.11.14 18:48:50	1.42203464e-08
2024.11.14 18:48:51	1.48418582e-08
2024.11.14 18:48:52	1.62115416e-08
2024.11.14 18:48:53	1.50833903e-08
2024.11.14 18:48:54	1.52183709e-08
2024.11.14 18:48:55	1.45104161e-08
2024.11.14 18:48:56	1.61463626e-08
2024.11.14 18:48:57	1.58153828e-08
2024.11.14 18:48:58	1.52040408e-08
2024.11.14 18:48:59	1.55435725e-08
2024.11.14 18:49:00	2.0805274e-08
2024.11.14 18:49:01	2.00002441e-08
2024.11.14 18:49:02	2.20096986e-08
2024.11.14 18:49:03	2.20776512e-08
2024.11.14 18:49:04	2.219183e-08
2024.11.14 18:49:05	2.25817483e-08
2024.11.14 18:49:06	2.32818447e-08
2024.11.14 18:49:07	2.31216708e-08
2024.11.14 18:49:08	2.38744651e-08
2024.11.14 18:49:09	2.22052356e-08
2024.11.14 18:49:10	2.40965822e-08
2024.11.14 18:49:11	2.39091348e-08
2024.11.14 18:49:12	2.41335631e-08
2024.11.14 18:49:13	2.28184267e-08
2024.11.14 18:49:14	2.35931784e-08
2024.11.14 18:49:15	2.29531762e-08
2024.11.14 18:49:16	2.53241199e-08
2024.11.14 18:49:17	2.52901436e-08
2024.11.14 18:49:18	2.62488758e-08
2024.11.14 18:49:19	2.44053734e-08
2024.11.14 18:49:20	2.41832563e-08
2024.11.14 18:49:21	2.67173787e-08
2024.11.14 18:49:22	2.25172627e-08
2024.11.14 18:49:23	2.38208426e-08
2024.11.14 18:49:24	2.53090964e-08
2024.11.14 18:49:25	3.31818869e-08
2024.11.14 18:49:26	3.46329286e-08
2024.11.14 18:49:27	3.6938231e-08
2024.11.14 18:49:28	3.82168488e-08
2024.11.14 18:49:29	3.54157699e-08
2024.11.14 18:49:30	3.53706993e-08
2024.11.14 18:49:31	3.58389711e-08
2024.11.14 18:49:32	3.8740592e-08
2024.11.14 18:49:33	3.75028845e-08
2024.11.14 18:49:34	3.82334902e-08
2024.11.14 18:49:35	3.56610001e-08
2024.11.14 18:49:36	3.93621038e-08
2024.11.14 18:49:37	3.87445213e-08
2024.11.14 18:49:38	4.04227648e-08
2024.11.14 18:49:39	3.93528586e-08
2024.11.14 18:49:40	3.83428153e-08
2024.11.14 18:49:41	3.9004775e-08
2024.11.14 18:49:42	3.80839483e-08
2024.11.14 18:49:43	3.90385202e-08
2024.11.14 18:49:44	3.9446929e-08
2024.11.14 18:49:45	3.95980888e-08
2024.11.14 18:49:46	3.87375873e-08
2024.11.14 18:49:47	3.97776777e-08
2024.11.14 18:49:48	3.81174624e-08
2024.11.14 18:49:49	4.02036525e-08
2024.11.14 18:49:50	5.14493405e-08
2024.11.14 18:49:51	5.62566381e-08
2024.11.14 18:49:52	5.50746332e-08
2024.11.14 18:49:53	5.63532509e-08
2024.11.14 18:49:54	5.75195389e-08
2024.11.14 18:49:55	5.8881595e-08
2024.11.14 18:49:56	5.93262914e-08
2024.11.14 18:49:57	5.9418975e-08
2024.11.14 18:49:58	5.9018887e-08
2024.11.14 18:49:59	6.00550481e-08
2024.11.14 18:50:00	6.05062162e-08
2024.11.14 18:50:01	6.16854475e-08
2024.11.14 18:50:02	6.04826408e-08
2024.11.14 18:50:03	6.02746227e-08
2024.11.14 18:50:04	6.1069714e-08
2024.11.14 18:50:05	6.05052916e-08
2024.11.14 18:50:06	6.09659361e-08
2024.11.14 18:50:07	6.18601827e-08
2024.11.14 18:50:08	6.21463231e-08
2024.11.14 18:50:09	6.21453986e-08
2024.11.14 18:50:10	6.15139481e-08
2024.11.14 18:50:11	6.26555051e-08
2024.11.14 18:50:12	6.3906156e-08
2024.11.14 18:50:13	6.31764748e-08
2024.11.14 18:50:14	6.46940822e-08
2024.11.14 18:50:15	6.25242226e-08
2024.11.14 18:50:16	6.33641533e-08
2024.11.14 18:50:17	6.50359252e-08
2024.11.14 18:50:18	6.39373587e-08
2024.11.14 18:50:19	6.51605049e-08
2024.11.14 18:50:20	6.36029118e-08
2024.11.14 18:50:21	6.44021635e-08
2024.11.14 18:50:22	6.51997972e-08
2024.11.14 18:50:23	6.33445072e-08
2024.11.14 18:50:24	6.48519448e-08
2024.11.14 18:50:25	6.40587025e-08
2024.11.14 18:50:26	6.6526028e-08
2024.11.14 18:50:27	6.60933504e-08
2024.11.14 18:50:28	6.54625934e-08
2024.11.14 18:50:29	6.62872695e-08
2024.11.14 18:50:30	6.59907282e-08
2024.11.14 18:50:31	6.61393455e-08
2024.11.14 18:50:32	6.54304661e-08
2024.11.14 18:50:33	6.70874456e-08
2024.11.14 18:50:34	6.74103359e-08
2024.11.14 18:50:35	6.6409769e-08
2024.11.14 18:50:36	6.58906483e-08
2024.11.14 18:50:37	6.65687873e-08
2024.11.14 18:50:38	6.58099836e-08
2024.11.14 18:50:39	6.64878913e-08
2024.11.14 18:50:40	6.58673041e-08
2024.11.14 18:50:41	6.67347394e-08
2024.11.14 18:50:42	6.68281164e-08
2024.11.14 18:50:43	6.63813399e-08
2024.11.14 18:50:44	6.69711867e-08
2024.11.14 18:50:45	6.86935763e-08
2024.11.14 18:50:46	6.7410567e-08
2024.11.14 18:50:47	6.71847519e-08
2024.11.14 18:50:48	6.781574e-08
2024.11.14 18:50:49	6.81998801e-08
2024.11.14 18:50:50	6.77854618e-08
2024.11.14 18:50:51	6.79569612e-08
2024.11.14 18:50:52	6.8978561e-08
2024.11.14 18:50:53	6.70335921e-08
2024.11.14 18:50:54	6.84078981e-08
2024.11.14 18:50:55	6.73624918e-08
2024.11.14 18:50:56	6.67627063e-08
2024.11.14 18:50:57	6.68828945e-08
2024.11.14 18:50:58	6.7553175e-08
2024.11.14 18:50:59	6.99495432e-08
2024.11.14 18:51:00	6.84134453e-08
2024.11.14 18:51:01	6.66954471e-08
2024.11.14 18:51:02	6.82676015e-08
2024.11.14 18:51:03	6.87116045e-08
2024.11.14 18:51:04	6.9369635e-08
2024.11.14 18:51:05	6.79347726e-08
2024.11.14 18:51:06	6.8906217e-08
2024.11.14 18:51:07	6.92677062e-08
2024.11.14 18:51:08	6.87007413e-08
2024.11.14 18:51:09	6.80149751e-08
2024.11.14 18:51:10	6.91808008e-08
2024.11.14 18:51:11	7.07113516e-08
2024.11.14 18:51:12	6.89152311e-08
2024.11.14 18:51:13	7.06422433e-08
2024.11.14 18:51:14	6.98926849e-08
2024.11.14 18:51:15	6.968328e-08
2024.11.14 18:51:16	6.93647813e-08
2024.11.14 18:51:17	6.9501842e-08
2024.11.14 18:51:18	7.0567588e-08
2024.11.14 18:51:19	7.17186213e-08
2024.11.14 18:51:20	6.89917355e-08
2024.11.14 18:51:21	6.96601669e-08
2024.11.14 18:51:22	6.99694204e-08
2024.11.14 18:51:23	7.00253542e-08
2024.11.14 18:51:24	7.05204372e-08
2024.11.14 18:51:25	7.00792078e-08
2024.11.14 18:51:26	7.05403145e-08
2024.11.14 18:51:27	7.20281059e-08
2024.11.14 18:51:28	7.0606418e-08
2024.11.14 18:51:29	7.1027539e-08
2024.11.14 18:51:30	9.45070009e-08
2024.11.14 18:51:31	9.73284193e-08
2024.11.14 18:51:32	1.01618445e-07
2024.11.14 18:51:33	1.01464974e-07
2024.11.14 18:51:34	1.01308498e-07
2024.11.14 18:51:35	1.03324656e-07
2024.11.14 18:51:36	1.04156728e-07
2024.11.14 18:51:37	1.0539952e-07
2024.11.14 18:51:38	1.05851844e-07
2024.11.14 18:51:39	1.05094658e-07
2024.11.14 18:51:40	1.07035467e-07
2024.11.14 18:51:41	1.04467368e-07
2024.11.14 18:51:42	1.05905929e-07
2024.11.14 18:51:43	1.05719175e-07
2024.11.14 18:51:44	1.06649709e-07
2024.11.14 18:51:45	1.08490207e-07
2024.11.14 18:51:46	1.07973629e-07
2024.11.14 18:51:47	1.07923935e-07
2024.11.14 18:51:48	1.1007022e-07
2024.11.14 18:51:49	1.0844999e-07
2024.11.14 18:51:50	1.08725267e-07
2024.11.14 18:51:51	1.09700872e-07
2024.11.14 18:51:52	1.09017417e-07
2024.11.14 18:51:53	1.11438285e-07
2024.11.14 18:51:54	1.12044311e-07
2024.11.14 18:51:55	1.49976175e-07
2024.11.14 18:51:56	1.53319257e-07
2024.11.14 18:51:57	1.59332597e-07
2024.11.14 18:51:58	1.59272965e-07
2024.11.14 18:51:59	1.61776809e-07
2024.11.14 18:52:00	1.62253402e-07
2024.11.14 18:52:01	1.65774454e-07
2024.11.14 18:52:02	1.664764e-07
2024.11.14 18:52:03	1.68366822e-07
2024.11.14 18:52:04	1.69146658e-07
2024.11.14 18:52:05	1.6900613e-07
2024.11.14 18:52:06	1.70370498e-07
2024.11.14 18:52:07	1.71160735e-07
2024.11.14 18:52:08	1.72028402e-07
2024.11.14 18:52:09	1.71244867e-07
2024.11.14 18:52:10	1.72810319e-07
2024.11.14 18:52:11	1.7232425e-07
2024.11.14 18:52:12	1.73709188e-07
2024.11.14 18:52:13	1.74858141e-07
2024.11.14 18:52:14	1.75985137e-07
2024.11.14 18:52:15	1.75133649e-07
2024.11.14 18:52:16	1.76827148e-07
2024.11.14 18:52:17	1.76475366e-07
2024.11.14 18:52:18	1.77570928e-07
2024.11.14 18:52:19	1.78483203e-07
2024.11.14 18:52:20	2.34424116e-07
2024.11.14 18:52:21	2.43960126e-07
2024.11.14 18:52:22	2.505647e-07
2024.11.14 18:52:23	2.52735253e-07
2024.11.14 18:52:24	2.56593526e-07
2024.11.14 18:52:25	2.59414713e-07
2024.11.14 18:52:26	2.62855332e-07
2024.11.14 18:52:27	2.63977474e-07
2024.11.14 18:52:28	2.64727032e-07
2024.11.14 18:52:29	2.68221736e-07
2024.11.14 18:52:30	2.70879745e-07
2024.11.14 18:52:31	2.70837448e-07
2024.11.14 18:52:32	2.74105412e-07
2024.11.14 18:52:33	2.73825049e-07
2024.11.14 18:52:34	2.77347489e-07
2024.11.14 18:52:35	2.78594673e-07
2024.11.14 18:52:36	2.77926241e-07
2024.11.14 18:52:37	2.78380183e-07
2024.11.14 18:52:38	2.82651025e-07
2024.11.14 18:52:39	2.83237405e-07
2024.11.14 18:52:40	2.83088325e-07
2024.11.14 18:52:41	2.84531971e-07
2024.11.14 18:52:42	2.83929643e-07
2024.11.14 18:52:43	2.85469439e-07
2024.11.14 18:52:44	2.86852759e-07
2024.11.14 18:52:45	3.78383252e-07
2024.11.14 18:52:46	3.94178064e-07
2024.11.14 18:52:47	4.02770135e-07
2024.11.14 18:52:48	4.10071338e-07
2024.11.14 18:52:49	4.14206044e-07
2024.11.14 18:52:50	4.22113736e-07
2024.11.14 18:52:51	4.25526157e-07
2024.11.14 18:52:52	4.29422335e-07
2024.11.14 18:52:53	4.33693871e-07
2024.11.14 18:52:54	4.36727005e-07
2024.11.14 18:52:55	4.40148209e-07
2024.11.14 18:52:56	4.41703029e-07
2024.11.14 18:52:57	4.47558968e-07
2024.11.14 18:52:58	4.49059472e-07
2024.11.14 18:52:59	4.51732273e-07
2024.11.14 18:53:00	4.54759629e-07
2024.11.14 18:53:01	4.56796358e-07
2024.11.14 18:53:02	4.60677281e-07
2024.11.14 18:53:03	4.61310812e-07
2024.11.14 18:53:04	4.65341971e-07
2024.11.14 18:53:05	4.66258868e-07
2024.11.14 18:53:06	4.68860019e-07
2024.11.14 18:53:07	4.70875483e-07
2024.11.14 18:53:08	4.71302613e-07
2024.11.14 18:53:09	4.75903742e-07
2024.11.14 18:53:10	6.23809213e-07
2024.11.14 18:53:11	6.52763941e-07
2024.11.14 18:53:12	6.67815204e-07
2024.11.14 18:53:13	6.82052192e-07
2024.11.14 18:53:14	6.95286995e-07
2024.11.14 18:53:15	7.04845657e-07
2024.11.14 18:53:16	7.14039131e-07
2024.11.14 18:53:17	7.23371977e-07
2024.11.14 18:53:18	7.31226278e-07
2024.11.14 18:53:19	7.39543071e-07
2024.11.14 18:53:20	7.46532709e-07
2024.11.14 18:53:21	7.53618498e-07
2024.11.14 18:53:22	7.58521947e-07
2024.11.14 18:53:23	7.64559555e-07
2024.11.14 18:53:24	7.69579494e-07
2024.11.14 18:53:25	7.72668793e-07
2024.11.14 18:53:26	7.79014038e-07
2024.11.14 18:53:27	7.85876554e-07
2024.11.14 18:53:28	7.8952704e-07
2024.11.14 18:53:29	7.95726441e-07
2024.11.14 18:53:30	7.98303322e-07
2024.11.14 18:53:31	8.03127724e-07
2024.11.14 18:53:32	8.04576916e-07
2024.11.14 18:53:33	8.08731731e-07
2024.11.14 18:53:34	8.11099207e-07
2024.11.14 18:53:35	8.13349038e-07
2024.11.14 18:53:36	8.17067939e-07
2024.11.14 18:53:37	8.20465799e-07
2024.11.14 18:53:38	8.2370464e-07
2024.11.14 18:53:39	8.26326823e-07
2024.11.14 18:53:40	8.27424697e-07
2024.11.14 18:53:41	8.32402338e-07
2024.11.14 18:53:42	8.32051481e-07
2024.11.14 18:53:43	8.35492331e-07
2024.11.14 18:53:44	8.37185367e-07
2024.11.14 18:53:45	8.39454844e-07
2024.11.14 18:53:46	8.41829486e-07
2024.11.14 18:53:47	8.42525422e-07
2024.11.14 18:53:48	8.46335388e-07
2024.11.14 18:53:49	8.46554963e-07
2024.11.14 18:53:50	8.49844653e-07
2024.11.14 18:53:51	8.51909117e-07
2024.11.14 18:53:52	8.54450173e-07
2024.11.14 18:53:53	8.55374236e-07
2024.11.14 18:53:54	8.57039074e-07
2024.11.14 18:53:55	8.57975617e-07
2024.11.14 18:53:56	8.60515056e-07
2024.11.14 18:53:57	8.60478537e-07
2024.11.14 18:53:58	8.63080381e-07
2024.11.14 18:53:59	8.63124527e-07
2024.11.14 18:54:00	8.66392722e-07
2024.11.14 18:54:01	8.68296549e-07
2024.11.14 18:54:02	8.68594709e-07
2024.11.14 18:54:03	8.70536904e-07
2024.11.14 18:54:04	8.71727692e-07
2024.11.14 18:54:05	8.71993262e-07
2024.11.14 18:54:06	8.75139882e-07
2024.11.14 18:54:07	8.75975883e-07
2024.11.14 18:54:08	8.78815792e-07
2024.11.14 18:54:09	8.79978151e-07
2024.11.14 18:54:10	8.81560013e-07
2024.11.14 18:54:11	8.80121221e-07
2024.11.14 18:54:12	8.82750338e-07
2024.11.14 18:54:13	8.83170535e-07
2024.11.14 18:54:14	8.85008952e-07
2024.11.14 18:54:15	8.86168769e-07
2024.11.14 18:54:16	8.87679211e-07
2024.11.14 18:54:17	8.87883531e-07
2024.11.14 18:54:18	8.90411644e-07
2024.11.14 18:54:19	8.90702176e-07
2024.11.14 18:54:20	8.93071039e-07
2024.11.14 18:54:21	8.94785571e-07
2024.11.14 18:54:22	8.95364554e-07
2024.11.14 18:54:23	8.9892305e-07
2024.11.14 18:54:24	8.98349382e-07
2024.11.14 18:54:25	8.99698264e-07
2024.11.14 18:54:26	9.0021854e-07
2024.11.14 18:54:27	9.03025398e-07
2024.11.14 18:54:28	9.04247388e-07
2024.11.14 18:54:29	9.06936368e-07
2024.11.14 18:54:30	9.0685085e-07
2024.11.14 18:54:31	9.09080572e-07
2024.11.14 18:54:32	9.1020803e-07
2024.11.14 18:54:33	9.10571369e-07
2024.11.14 18:54:34	9.11042183e-07
2024.11.14 18:54:35	9.11621398e-07
2024.11.14 18:54:36	9.11682878e-07
2024.11.14 18:54:37	9.12697776e-07
2024.11.14 18:54:38	9.14259067e-07
2024.11.14 18:54:39	9.14696598e-07
2024.11.14 18:54:40	9.13901738e-07
2024.11.14 18:54:41	9.1570641e-07
2024.11.14 18:54:42	9.14932814e-07
2024.11.14 18:54:43	9.15653481e-07
2024.11.14 18:54:44	9.15402242e-07
2024.11.14 18:54:45	9.16680166e-07
2024.11.14 18:54:46	9.17160457e-07
2024.11.14 18:54:47	9.19061511e-07
2024.11.14 18:54:48	9.18421046e-07
2024.11.14 18:54:49	9.20906169e-07
2024.11.14 18:54:50	1.1840377e-06
2024.11.14 18:54:51	1.2305836e-06
2024.11.14 18:54:52	1.25767541e-06
2024.11.14 18:54:53	1.2827194e-06
2024.11.14 18:54:54	1.3022687e-06
2024.11.14 18:54:55	1.31961371e-06
2024.11.14 18:54:56	1.33572587e-06
2024.11.14 18:54:57	1.34943911e-06
2024.11.14 18:54:58	1.36065152e-06
2024.11.14 18:54:59	1.37010756e-06
2024.11.14 18:55:00	1.37891412e-06
2024.11.14 18:55:01	1.39021967e-06
2024.11.14 18:55:02	1.394656e-06
2024.11.14 18:55:03	1.40345077e-06
2024.11.14 18:55:04	1.4087171e-06
2024.11.14 18:55:05	1.41428805e-06
2024.11.14 18:55:06	1.41842322e-06
2024.11.14 18:55:07	1.42211069e-06
2024.11.14 18:55:08	1.42672245e-06
2024.11.14 18:55:09	1.43074945e-06
2024.11.14 18:55:10	1.43480187e-06
2024.11.14 18:55:11	1.43809711e-06
2024.11.14 18:55:12	1.44347253e-06
2024.11.14 18:55:13	1.44554485e-06
2024.11.14 18:55:14	1.45025738e-06
2024.11.14 18:55:15	1.85891767e-06
2024.11.14 18:55:16	1.93408268e-06
2024.11.14 18:55:17	1.9834285e-06
2024.11.14 18:55:18	2.02439974e-06
2024.11.14 18:55:19	2.06463806e-06
2024.11.14 18:55:20	2.09873407e-06
2024.11.14 18:55:21	2.12599646e-06
2024.11.14 18:55:22	2.14841965e-06
2024.11.14 18:55:23	2.16992363e-06
2024.11.14 18:55:24	2.18799e-06
2024.11.14 18:55:25	2.20413914e-06
2024.11.14 18:55:26	2.21962008e-06
2024.11.14 18:55:27	2.23888232e-06
2024.11.14 18:55:28	2.25001891e-06
2024.11.14 18:55:29	2.26214983e-06
2024.11.14 18:55:30	2.27247932e-06
2024.11.14 18:55:31	2.282785e-06
2024.11.14 18:55:32	2.29060347e-06
2024.11.14 18:55:33	2.29867272e-06
2024.11.14 18:55:34	2.30289248e-06
2024.11.14 18:55:35	2.30792144e-06
2024.11.14 18:55:36	2.31509321e-06
2024.11.14 18:55:37	2.32203454e-06
2024.11.14 18:55:38	2.32620854e-06
2024.11.14 18:55:39	2.33938024e-06
2024.11.14 18:55:40	2.99270399e-06
2024.11.14 18:55:41	3.11805752e-06
2024.11.14 18:55:42	3.19673065e-06
2024.11.14 18:55:43	3.26612201e-06
2024.11.14 18:55:44	3.32703664e-06
2024.11.14 18:55:45	3.37708995e-06
2024.11.14 18:55:46	3.42371651e-06
2024.11.14 18:55:47	3.46157163e-06
2024.11.14 18:55:48	3.49424295e-06
2024.11.14 18:55:49	3.52538118e-06
2024.11.14 18:55:50	3.5529438e-06
2024.11.14 18:55:51	3.57662851e-06
2024.11.14 18:55:52	3.59913791e-06
2024.11.14 18:55:53	3.61628138e-06
2024.11.14 18:55:54	3.63310195e-06
2024.11.14 18:55:55	3.64944108e-06
2024.11.14 18:55:56	3.66386228e-06
2024.11.14 18:55:57	3.67642148e-06
2024.11.14 18:55:58	3.69096657e-06
2024.11.14 18:55:59	3.69734787e-06
2024.11.14 18:56:00	3.70787959e-06
2024.11.14 18:56:01	3.71696397e-06
2024.11.14 18:56:02	3.72392056e-06
2024.11.14 18:56:03	3.73208966e-06
2024.11.14 18:56:04	3.74624067e-06
2024.11.14 18:56:05	4.73954222e-06
2024.11.14 18:56:06	4.93324657e-06
2024.11.14 18:56:07	5.06486284e-06
2024.11.14 18:56:08	5.17502898e-06
2024.11.14 18:56:09	5.26654907e-06
2024.11.14 18:56:10	5.34553122e-06
2024.11.14 18:56:11	5.41317685e-06
2024.11.14 18:56:12	5.47536894e-06
2024.11.14 18:56:13	5.52702561e-06
2024.11.14 18:56:14	5.57217731e-06
2024.11.14 18:56:15	5.61161384e-06
2024.11.14 18:56:16	5.6479583e-06
2024.11.14 18:56:17	5.67970093e-06
2024.11.14 18:56:18	5.70657294e-06
2024.11.14 18:56:19	5.74252077e-06
2024.11.14 18:56:20	5.77242037e-06
2024.11.14 18:56:21	5.79453823e-06
2024.11.14 18:56:22	5.8148586e-06
2024.11.14 18:56:23	5.83374571e-06
2024.11.14 18:56:24	5.85327352e-06
2024.11.14 18:56:25	5.87002499e-06
2024.11.14 18:56:26	5.88474042e-06
2024.11.14 18:56:27	5.91385393e-06
2024.11.14 18:56:28	5.92611591e-06
2024.11.14 18:56:29	5.94218415e-06
2024.11.14 18:56:30	7.4620927e-06
2024.11.14 18:56:31	7.76273105e-06
2024.11.14 18:56:32	7.97281475e-06
2024.11.14 18:56:33	8.14350028e-06
2024.11.14 18:56:34	8.29240725e-06
2024.11.14 18:56:35	8.41851127e-06
2024.11.14 18:56:36	8.52262154e-06
2024.11.14 18:56:37	8.61405843e-06
2024.11.14 18:56:38	8.69150818e-06
2024.11.14 18:56:39	8.7580178e-06
2024.11.14 18:56:40	8.81783085e-06
2024.11.14 18:56:41	8.87324132e-06
2024.11.14 18:56:42	8.91283756e-06
2024.11.14 18:56:43	8.95139764e-06
2024.11.14 18:56:44	8.99070497e-06
2024.11.14 18:56:45	9.02779112e-06
2024.11.14 18:56:46	9.05666265e-06
2024.11.14 18:56:47	9.08419939e-06
2024.11.14 18:56:48	9.1121695e-06
2024.11.14 18:56:49	9.12937028e-06
2024.11.14 18:56:50	9.1440871e-06
2024.11.14 18:56:51	9.16314456e-06
2024.11.14 18:56:52	9.18498784e-06
2024.11.14 18:56:53	9.19987847e-06
2024.11.14 18:56:54	9.2201318e-06
2024.11.14 18:56:55	9.23690453e-06
2024.11.14 18:56:56	9.25004942e-06
2024.11.14 18:56:57	9.24344393e-06
2024.11.14 18:56:58	9.25254541e-06
2024.11.14 18:56:59	9.26449143e-06
2024.11.14 18:57:00	9.27579975e-06
2024.11.14 18:57:01	9.28629611e-06
2024.11.14 18:57:02	9.29736406e-06
2024.11.14 18:57:03	9.30880575e-06
2024.11.14 18:57:04	9.31631381e-06
2024.11.14 18:57:05	9.32099329e-06
2024.11.14 18:57:06	9.3271467e-06
2024.11.14 18:57:07	9.33748381e-06
2024.11.14 18:57:08	9.34551724e-06
2024.11.14 18:57:09	9.35323332e-06
2024.11.14 18:57:10	9.35981594e-06
2024.11.14 18:57:11	9.36772525e-06
2024.11.14 18:57:12	9.37664529e-06
2024.11.14 18:57:13	9.37968559e-06
2024.11.14 18:57:14	9.38836342e-06
2024.11.14 18:57:15	9.39670517e-06
2024.11.14 18:57:16	9.40639234e-06
2024.11.14 18:57:17	9.41512679e-06
2024.11.14 18:57:18	9.41954509e-06
2024.11.14 18:57:19	9.42698498e-06
2024.11.14 18:57:20	9.43364687e-06
2024.11.14 18:57:21	9.43915103e-06
2024.11.14 18:57:22	9.4470222e-06
2024.11.14 18:57:23	9.45117332e-06
2024.11.14 18:57:24	9.45933502e-06
2024.11.14 18:57:25	9.46387467e-06
2024.11.14 18:57:26	9.46976782e-06
2024.11.14 18:57:27	9.47631531e-06
2024.11.14 18:57:28	9.48061989e-06
2024.11.14 18:57:29	9.48454103e-06
2024.11.14 18:57:30	9.49163121e-06
2024.11.14 18:57:31	9.4945363e-06
2024.11.14 18:57:32	9.50256788e-06
2024.11.14 18:57:33	9.50755153e-06
2024.11.14 18:57:34	9.51038266e-06
2024.11.14 18:57:35	9.51628505e-06
2024.11.14 18:57:36	9.52225055e-06
2024.11.14 18:57:37	9.52631938e-06
2024.11.14 18:57:38	9.5308974e-06
2024.11.14 18:57:39	9.53479242e-06
2024.11.14 18:57:40	9.54130755e-06
2024.11.14 18:57:41	9.54542608e-06
2024.11.14 18:57:42	9.55493481e-06
2024.11.14 18:57:43	9.56094261e-06
2024.11.14 18:57:44	9.56527863e-06
2024.11.14 18:57:45	9.57269239e-06
2024.11.14 18:57:46	9.57694775e-06
2024.11.14 18:57:47	9.58203495e-06
2024.11.14 18:57:48	9.58716721e-06
2024.11.14 18:57:49	9.60486031e-06
2024.11.14 18:57:50	9.61857448e-06
2024.11.14 18:57:51	9.62172387e-06
2024.11.14 18:57:52	9.62958418e-06
2024.11.14 18:57:53	9.63495105e-06
2024.11.14 18:57:54	9.64070344e-06
2024.11.14 18:57:55	9.64714345e-06
2024.11.14 18:57:56	9.65191238e-06
2024.11.14 18:57:57	9.67624448e-06
2024.11.14 18:57:58	9.68221506e-06
2024.11.14 18:57:59	9.68386418e-06
2024.11.14 18:58:00	9.69411901e-06
2024.11.14 18:58:01	9.70058699e-06
2024.11.14 18:58:02	9.7027624e-06
2024.11.14 18:58:03	9.71266498e-06
2024.11.14 18:58:04	9.7070233e-06
2024.11.14 18:58:05	9.70838767e-06
2024.11.14 18:58:06	9.71504448e-06
2024.11.14 18:58:07	9.71892008e-06
2024.11.14 18:58:08	9.72218712e-06
2024.11.14 18:58:09	9.73619275e-06
2024.11.14 18:58:10	1.21124616e-05
2024.11.14 18:58:11	1.25619279e-05
2024.11.14 18:58:12	1.28449059e-05
2024.11.14 18:58:13	1.30914621e-05
2024.11.14 18:58:14	1.32907971e-05
2024.11.14 18:58:15	1.34562771e-05
2024.11.14 18:58:16	1.35937428e-05
2024.11.14 18:58:17	1.37098148e-05
2024.11.14 18:58:18	1.38120573e-05
2024.11.14 18:58:19	1.38898813e-05
2024.11.14 18:58:20	1.3961369e-05
2024.11.14 18:58:21	1.40222494e-05
2024.11.14 18:58:22	1.40752471e-05
2024.11.14 18:58:23	1.41226503e-05
2024.11.14 18:58:24	1.41626619e-05
2024.11.14 18:58:25	1.41977889e-05
2024.11.14 18:58:26	1.42324619e-05
2024.11.14 18:58:27	1.4259878e-05
2024.11.14 18:58:28	1.42874792e-05
2024.11.14 18:58:29	1.43102851e-05
2024.11.14 18:58:30	1.4333064e-05
2024.11.14 18:58:31	1.43500018e-05
2024.11.14 18:58:32	1.43679665e-05
2024.11.14 18:58:33	1.43864149e-05
2024.11.14 18:58:34	1.44045286e-05
2024.11.14 18:58:35	1.78345709e-05
2024.11.14 18:58:36	1.84947463e-05
2024.11.14 18:58:37	1.89337171e-05
2024.11.14 18:58:38	1.92856754e-05
2024.11.14 18:58:39	1.9564424e-05
2024.11.14 18:58:40	1.97973862e-05
2024.11.14 18:58:41	1.99934992e-05
2024.11.14 18:58:42	2.01562213e-05
2024.11.14 18:58:43	2.02961484e-05
2024.11.14 18:58:44	2.04079768e-05
2024.11.14 18:58:45	2.0510328e-05
2024.11.14 18:58:46	2.05973218e-05
2024.11.14 18:58:47	2.067039e-05
2024.11.14 18:58:48	2.07392359e-05
2024.11.14 18:58:49	2.08243218e-05
2024.11.14 18:58:50	2.08913133e-05
2024.11.14 18:58:51	2.09389922e-05
2024.11.14 18:58:52	2.09816327e-05
2024.11.14 18:58:53	2.10205402e-05
2024.11.14 18:58:54	2.10584154e-05
2024.11.14 18:58:55	2.10965343e-05
2024.11.14 18:58:56	2.1130162e-05
2024.11.14 18:58:57	2.12021654e-05
2024.11.14 18:58:58	2.12272124e-05
2024.11.14 18:58:59	2.12609402e-05
2024.11.14 18:59:00	2.63060069e-05
2024.11.14 18:59:01	2.725544e-05
2024.11.14 18:59:02	2.78836165e-05
2024.11.14 18:59:03	2.83788532e-05
2024.11.14 18:59:04	2.87824441e-05
2024.11.14 18:59:05	2.91016068e-05
2024.11.14 18:59:06	2.93613964e-05
2024.11.14 18:59:07	2.95754481e-05
2024.11.14 18:59:08	2.97617935e-05
2024.11.14 18:59:09	2.99111124e-05
2024.11.14 18:59:10	3.00525078e-05
2024.11.14 18:59:11	3.01635631e-05
2024.11.14 18:59:12	3.02512506e-05
2024.11.14 18:59:13	3.03413222e-05
2024.11.14 18:59:14	3.04107267e-05
2024.11.14 18:59:15	3.04893266e-05
2024.11.14 18:59:16	3.05538672e-05
2024.11.14 18:59:17	3.06082961e-05
2024.11.14 18:59:18	3.06652147e-05
2024.11.14 18:59:19	3.0678299e-05
2024.11.14 18:59:20	3.07100881e-05
2024.11.14 18:59:21	3.07456719e-05
2024.11.14 18:59:22	3.078425e-05
2024.11.14 18:59:23	3.08180204e-05
2024.11.14 18:59:24	3.09019106e-05
2024.11.14 18:59:25	3.77680553e-05
2024.11.14 18:59:26	3.8990313e-05
2024.11.14 18:59:27	3.97271817e-05
2024.11.14 18:59:28	4.03244731e-05
2024.11.14 18:59:29	4.07888631e-05
2024.11.14 18:59:30	4.11674964e-05
2024.11.14 18:59:31	4.14641748e-05
2024.11.14 18:59:32	4.17124722e-05
2024.11.14 18:59:33	4.19152505e-05
2024.11.14 18:59:34	4.20834824e-05
2024.11.14 18:59:35	4.22260221e-05
2024.11.14 18:59:36	4.23494106e-05
2024.11.14 18:59:37	4.24637424e-05
2024.11.14 18:59:38	4.2552975e-05
2024.11.14 18:59:39	4.26386438e-05
2024.11.14 18:59:40	4.27158585e-05
2024.11.14 18:59:41	4.27773847e-05
2024.11.14 18:59:42	4.28307069e-05
2024.11.14 18:59:43	4.28800294e-05
2024.11.14 18:59:44	4.29561453e-05
2024.11.14 18:59:45	4.30052755e-05
2024.11.14 18:59:46	4.30450887e-05
2024.11.14 18:59:47	4.30869776e-05
2024.11.14 18:59:48	4.31277269e-05
2024.11.14 18:59:49	4.32247186e-05
2024.11.14 18:59:50	5.25498739e-05
2024.11.14 18:59:51	5.41185536e-05
2024.11.14 18:59:52	5.51150144e-05
2024.11.14 18:59:53	5.58402241e-05
2024.11.14 18:59:54	5.63985304e-05
2024.11.14 18:59:55	5.68330238e-05
2024.11.14 18:59:56	5.71754567e-05
2024.11.14 18:59:57	5.74612271e-05
2024.11.14 18:59:58	5.76895808e-05
2024.11.14 18:59:59	5.78787088e-05
2024.11.14 19:00:00	5.80500674e-05
2024.11.14 19:00:01	5.81836624e-05
2024.11.14 19:00:02	5.83109309e-05
2024.11.14 19:00:03	5.84190911e-05
2024.11.14 19:00:04	5.85122279e-05
2024.11.14 19:00:05	5.86004602e-05
2024.11.14 19:00:06	5.86755397e-05
2024.11.14 19:00:07	5.87509379e-05
2024.11.14 19:00:08	5.88153524e-05
2024.11.14 19:00:09	5.88699629e-05
2024.11.14 19:00:10	5.89316456e-05
2024.11.14 19:00:11	5.89760369e-05
2024.11.14 19:00:12	5.90323335e-05
2024.11.14 19:00:13	5.90696205e-05
2024.11.14 19:00:14	5.91157391e-05
2024.11.14 19:00:15	5.91587304e-05
2024.11.14 19:00:16	5.91935938e-05
2024.11.14 19:00:17	5.92202529e-05
2024.11.14 19:00:18	5.92573952e-05
2024.11.14 19:00:19	5.92982451e-05
2024.11.14 19:00:20	5.93426997e-05
2024.11.14 19:00:21	5.93764609e-05
2024.11.14 19:00:22	5.94133307e-05
2024.11.14 19:00:23	5.94394057e-05
2024.11.14 19:00:24	5.94817578e-05
2024.11.14 19:00:25	5.95167351e-05
2024.11.14 19:00:26	5.95449338e-05
2024.11.14 19:00:27	5.96900867e-05
2024.11.14 19:00:28	5.97089246e-05
2024.11.14 19:00:29	5.97453086e-05
2024.11.14 19:00:30	5.97701929e-05
2024.11.14 19:00:31	5.98055303e-05
2024.11.14 19:00:32	5.98392413e-05
2024.11.14 19:00:33	5.98609336e-05
2024.11.14 19:00:34	5.99771175e-05
2024.11.14 19:00:35	6.0028207e-05
2024.11.14 19:00:36	6.0050997e-05
2024.11.14 19:00:37	6.00823855e-05
2024.11.14 19:00:38	6.01090065e-05
2024.11.14 19:00:39	6.01383593e-05
2024.11.14 19:00:40	6.01623999e-05
2024.11.14 19:00:41	6.01899877e-05
2024.11.14 19:00:42	6.01411368e-05
2024.11.14 19:00:43	6.01578446e-05
2024.11.14 19:00:44	6.01811777e-05
2024.11.14 19:00:45	6.02034375e-05
2024.11.14 19:00:46	6.02236626e-05
2024.11.14 19:00:47	6.02542898e-05
2024.11.14 19:00:48	6.02664582e-05
2024.11.14 19:00:49	6.02378989e-05
2024.11.14 19:00:50	6.02171935e-05
2024.11.14 19:00:51	6.02417024e-05
2024.11.14 19:00:52	6.02652032e-05
2024.11.14 19:00:53	6.02769622e-05
2024.11.14 19:00:54	6.02971145e-05
2024.11.14 19:00:55	6.03122044e-05
2024.11.14 19:00:56	6.03319497e-05
2024.11.14 19:00:57	6.03455538e-05
2024.11.14 19:00:58	6.03512369e-05
2024.11.14 19:00:59	6.0364076e-05
2024.11.14 19:01:00	6.03790695e-05
2024.11.14 19:01:01	6.03906173e-05
2024.11.14 19:01:02	6.04087005e-05
2024.11.14 19:01:03	6.04121113e-05
2024.11.14 19:01:04	6.04255807e-05
2024.11.14 19:01:05	6.0434728e-05
2024.11.14 19:01:06	6.0450159e-05
2024.11.14 19:01:07	6.0465394e-05
2024.11.14 19:01:08	6.04723048e-05
2024.11.14 19:01:09	6.04814907e-05
2024.11.14 19:01:10	6.04933391e-05
2024.11.14 19:01:11	6.05003967e-05
2024.11.14 19:01:12	6.05281836e-05
2024.11.14 19:01:13	6.05378795e-05
2024.11.14 19:01:14	6.05574966e-05
2024.11.14 19:01:15	6.05635704e-05
2024.11.14 19:01:16	6.057935e-05
2024.11.14 19:01:17	6.0596037e-05
2024.11.14 19:01:18	6.06085377e-05
2024.11.14 19:01:19	6.07005245e-05
2024.11.14 19:01:20	6.07444297e-05
2024.11.14 19:01:21	6.07521696e-05
2024.11.14 19:01:22	6.07735076e-05
2024.11.14 19:01:23	6.07839506e-05
2024.11.14 19:01:24	6.08050989e-05
2024.11.14 19:01:25	6.0819788e-05
2024.11.14 19:01:26	6.08310202e-05
2024.11.14 19:01:27	6.09565328e-05
2024.11.14 19:01:28	6.09589472e-05
2024.11.14 19:01:29	6.1058758e-05
2024.11.14 19:01:30	7.42419651e-05
2024.11.14 19:01:31	7.63083846e-05
2024.11.14 19:01:32	7.75522661e-05
2024.11.14 19:01:33	7.84262052e-05
2024.11.14 19:01:34	7.90105814e-05
2024.11.14 19:01:35	7.94543326e-05
2024.11.14 19:01:36	7.98403964e-05
2024.11.14 19:01:37	8.027885e-05
2024.11.14 19:01:38	8.0498253e-05
2024.11.14 19:01:39	8.06627911e-05
2024.11.14 19:01:40	8.08199657e-05
2024.11.14 19:01:41	8.08487919e-05
2024.11.14 19:01:42	8.0928737e-05
2024.11.14 19:01:43	8.10286613e-05
2024.11.14 19:01:45	8.117307e-05
2024.11.14 19:01:46	8.12263998e-05
2024.11.14 19:01:47	8.12830242e-05
2024.11.14 19:01:48	8.13427268e-05
2024.11.14 19:01:49	8.13740975e-05
2024.11.14 19:01:50	8.14306895e-05
2024.11.14 19:01:51	8.14728208e-05
2024.11.14 19:01:52	8.15108782e-05
2024.11.14 19:01:53	8.15460127e-05
2024.11.14 19:01:55	9.96682574e-05
2024.11.14 19:01:56	0.000101290804
2024.11.14 19:01:57	0.000101819728
2024.11.14 19:01:58	0.000102755899
2024.11.14 19:01:59	0.000103437763
2024.11.14 19:02:00	0.000103934497
2024.11.14 19:02:01	0.000104331717
2024.11.14 19:02:02	0.000104647992
2024.11.14 19:02:03	0.000104889548
2024.11.14 19:02:04	0.000105094184
2024.11.14 19:02:05	0.00010524717
2024.11.14 19:02:06	0.000105416124
2024.11.14 19:02:07	0.000105532548
2024.11.14 19:02:08	0.000105642061
2024.11.14 19:02:09	0.000105731368
2024.11.14 19:02:10	0.000105810517
2024.11.14 19:02:11	0.000105916407
2024.11.14 19:02:12	0.000105974883
2024.11.14 19:02:13	0.000106041139
2024.11.14 19:02:14	0.000106102324
2024.11.14 19:02:15	0.000106151216
2024.11.14 19:02:16	0.000106216774
2024.11.14 19:02:17	0.000106265771
2024.11.14 19:02:18	0.000106319044
2024.11.14 19:02:19	0.000106600103
2024.11.14 19:02:20	0.000127455847
2024.11.14 19:02:21	0.000130260397
2024.11.14 19:02:22	0.000131781035
2024.11.14 19:02:23	0.000132823175
2024.11.14 19:02:24	0.000133542996
2024.11.14 19:02:25	0.000134077147
2024.11.14 19:02:26	0.000134502184
2024.11.14 19:02:27	0.000135047385
2024.11.14 19:02:28	0.000135308007
2024.11.14 19:02:29	0.000135524174
2024.11.14 19:02:30	0.000135710123
2024.11.14 19:02:31	0.000135902532
2024.11.14 19:02:32	0.000136028632
2024.11.14 19:02:33	0.000136178758
2024.11.14 19:02:34	0.000136144037
2024.11.14 19:02:35	0.000136175704
2024.11.14 19:02:36	0.000136286056
2024.11.14 19:02:37	0.000136373948
2024.11.14 19:02:38	0.000136457144
2024.11.14 19:02:39	0.000136525233
2024.11.14 19:02:40	0.000136576059
2024.11.14 19:02:41	0.000136669505
2024.11.14 19:02:42	0.000136556636
2024.11.14 19:02:43	0.000136615263
2024.11.14 19:02:44	0.000136661783
2024.11.14 19:02:45	0.000162471287
2024.11.14 19:02:46	0.000165798467
2024.11.14 19:02:47	0.00016744921
2024.11.14 19:02:48	0.000168539013
2024.11.14 19:02:49	0.000169283081
2024.11.14 19:02:50	0.000169804463
2024.11.14 19:02:51	0.000170264377
2024.11.14 19:02:52	0.000170574994
2024.11.14 19:02:53	0.000170843626
2024.11.14 19:02:54	0.00017104253
2024.11.14 19:02:55	0.000171210879
2024.11.14 19:02:56	0.000171391896
2024.11.14 19:02:57	0.000171510263
2024.11.14 19:02:58	0.000171650089
2024.11.14 19:02:59	0.000171740603
2024.11.14 19:03:00	0.000171802681
2024.11.14 19:03:01	0.000171938318
2024.11.14 19:03:02	0.000171982463
2024.11.14 19:03:03	0.000172073855
2024.11.14 19:03:04	0.000172124691
2024.11.14 19:03:05	0.000172174469
2024.11.14 19:03:06	0.000172282191
2024.11.14 19:03:07	0.000172320826
2024.11.14 19:03:08	0.000172372294
2024.11.14 19:03:09	0.000172411072
2024.11.14 19:03:10	0.000204760349
2024.11.14 19:03:11	0.000208577721
2024.11.14 19:03:12	0.000210323057
2024.11.14 19:03:13	0.000211486176
2024.11.14 19:03:14	0.000212256983
2024.11.14 19:03:15	0.000212799499
2024.11.14 19:03:16	0.000213269349
2024.11.14 19:03:17	0.000213589582
2024.11.14 19:03:18	0.000213887555
2024.11.14 19:03:19	0.000214356884
2024.11.14 19:03:20	0.000214605545
2024.11.14 19:03:21	0.000214766737
2024.11.14 19:03:22	0.000214881425
2024.11.14 19:03:23	0.000215050166
2024.11.14 19:03:24	0.000215146105
2024.11.14 19:03:25	0.000215244693
2024.11.14 19:03:26	0.000215390382
2024.11.14 19:03:27	0.000215836
2024.11.14 19:03:28	0.000215914562
2024.11.14 19:03:29	0.000215955128
2024.11.14 19:03:30	0.000216025685
2024.11.14 19:03:31	0.000216112666
2024.11.14 19:03:32	0.000216182415
2024.11.14 19:03:33	0.00021629894
2024.11.14 19:03:34	0.000216158934
2024.11.14 19:03:35	0.000216147528
2024.11.14 19:03:36	0.000216251692
2024.11.14 19:03:37	0.000216292118
2024.11.14 19:03:38	0.000216376132
2024.11.14 19:03:39	0.000216406673
2024.11.14 19:03:40	0.000216453412
2024.11.14 19:03:41	0.000216529946
2024.11.14 19:03:42	0.00021631812
2024.11.14 19:03:43	0.000216404436
2024.11.14 19:03:44	0.000216418922
2024.11.14 19:03:45	0.000216474446
2024.11.14 19:03:46	0.000216532105
2024.11.14 19:03:47	0.000216547864
2024.11.14 19:03:48	0.000216612473
2024.11.14 19:03:49	0.000216661149
2024.11.14 19:03:50	0.00021669644
2024.11.14 19:03:51	0.00021676258
2024.11.14 19:03:52	0.000216767282
2024.11.14 19:03:53	0.000216830607
2024.11.14 19:03:54	0.000216834217
2024.11.14 19:03:55	0.000216850918
2024.11.14 19:03:56	0.00021692047
2024.11.14 19:03:57	0.000216921824
2024.11.14 19:03:58	0.000216963622
2024.11.14 19:03:59	0.000216973936
2024.11.14 19:04:00	0.000216976724
2024.11.14 19:04:01	0.000217053715
2024.11.14 19:04:02	0.00021706418
2024.11.14 19:04:03	0.000217079701
2024.11.14 19:04:04	0.00021709649
2024.11.14 19:04:05	0.000217079209
2024.11.14 19:04:06	0.000217143039
2024.11.14 19:04:07	0.0002171536
2024.11.14 19:04:08	0.000217185182
2024.11.14 19:04:09	0.000217212694
2024.11.14 19:04:10	0.000217215199
2024.11.14 19:04:11	0.000217267653
2024.11.14 19:04:12	0.000217252819
2024.11.14 19:04:13	0.000217313531
2024.11.14 19:04:14	0.000217331743
2024.11.14 19:04:15	0.000217348772
2024.11.14 19:04:16	0.000217385613
2024.11.14 19:04:17	0.000217391816
2024.11.14 19:04:18	0.000217441336
2024.11.14 19:04:19	0.000217713761
2024.11.14 19:04:20	0.000217810189
2024.11.14 19:04:21	0.000217837648
2024.11.14 19:04:22	0.000217838744
2024.11.14 19:04:23	0.000217890054
2024.11.14 19:04:24	0.000217924511
2024.11.14 19:04:25	0.000217959235
2024.11.14 19:04:26	0.000218010416
2024.11.14 19:04:27	0.000218400656
2024.11.14 19:04:28	0.000218385166
2024.11.14 19:04:29	0.000218399225
2024.11.14 19:04:30	0.000218411075
2024.11.14 19:04:31	0.000218491442
2024.11.14 19:04:32	0.000218514279
2024.11.14 19:04:33	0.000218577696
2024.11.14 19:04:34	0.000218393184
2024.11.14 19:04:35	0.000218354603
2024.11.14 19:04:36	0.00021841777
2024.11.14 19:04:37	0.000218434016
2024.11.14 19:04:38	0.000218458027
2024.11.14 19:04:39	0.000218524495
2024.11.14 19:04:40	0.00021851528
2024.11.14 19:04:41	0.000218574607
2024.11.14 19:04:42	0.000218333166
2024.11.14 19:04:43	0.000218340265
2024.11.14 19:04:44	0.000218399773
2024.11.14 19:04:45	0.000218397256
2024.11.14 19:04:46	0.000218440493
2024.11.14 19:04:47	0.000218483558
2024.11.14 19:04:48	0.000218492426
2024.11.14 19:04:49	0.000218554853
2024.11.14 19:04:50	0.000257000579
2024.11.14 19:04:51	0.000260976573
2024.11.14 19:04:52	0.000262744071
2024.11.14 19:04:53	0.000263795458
2024.11.14 19:04:54	0.000264516571
2024.11.14 19:04:55	0.000264986601
2024.11.14 19:04:56	0.000265352735
2024.11.14 19:04:57	0.000265677864
2024.11.14 19:04:58	0.000265867688
2024.11.14 19:04:59	0.000266050908
2024.11.14 19:05:00	0.000266216551
2024.11.14 19:05:01	0.000266330911
2024.11.14 19:05:02	0.000266447916
2024.11.14 19:05:03	0.00026652657
2024.11.14 19:05:04	0.000266599268
2024.11.14 19:05:05	0.000266676657
2024.11.14 19:05:06	0.000266748226
2024.11.14 19:05:07	0.000266815419
2024.11.14 19:05:08	0.000266869281
2024.11.14 19:05:09	0.000266906741
2024.11.14 19:05:10	0.000266984457
2024.11.14 19:05:11	0.000267009009
2024.11.14 19:05:12	0.000267124197
2024.11.14 19:05:13	0.0002671974
2024.11.14 19:05:14	0.000267219448
2024.11.14 19:05:15	0.000313227765
2024.11.14 19:05:16	0.0003173065
2024.11.14 19:05:17	0.00031912532
2024.11.14 19:05:18	0.000320195888
2024.11.14 19:05:19	0.000321291012
2024.11.14 19:05:20	0.000321933947
2024.11.14 19:05:21	0.000322277947
2024.11.14 19:05:22	0.000322598053
2024.11.14 19:05:23	0.000322854481
2024.11.14 19:05:24	0.000323045901
2024.11.14 19:05:25	0.000323267814
2024.11.14 19:05:26	0.000323402742
2024.11.14 19:05:27	0.00032407764
2024.11.14 19:05:28	0.000324117054
2024.11.14 19:05:29	0.000324211162
2024.11.14 19:05:30	0.00032432246
2024.11.14 19:05:31	0.000324415303
2024.11.14 19:05:32	0.000324539213
2024.11.14 19:05:33	0.000324626518
2024.11.14 19:05:34	0.000324421114
2024.11.14 19:05:35	0.000324433942
2024.11.14 19:05:36	0.000324493001
2024.11.14 19:05:37	0.00032459763
2024.11.14 19:05:38	0.000324677026
2024.11.14 19:05:39	0.000324729021
2024.11.14 19:05:40	0.000380968738
2024.11.14 19:05:41	0.00038543573
2024.11.14 19:05:42	0.000386859052
2024.11.14 19:05:43	0.000388024774
2024.11.14 19:05:44	0.000388733846
2024.11.14 19:05:45	0.000389328215
2024.11.14 19:05:46	0.000389746768
2024.11.14 19:05:47	0.000390105503
2024.11.14 19:05:48	0.00039041791
2024.11.14 19:05:49	0.000390646327
2024.11.14 19:05:50	0.000390870086
2024.11.14 19:05:51	0.000390993565
2024.11.14 19:05:52	0.000391143053
2024.11.14 19:05:53	0.000391299034
2024.11.14 19:05:54	0.000391329842
2024.11.14 19:05:55	0.000391452028
2024.11.14 19:05:56	0.000391528302
2024.11.14 19:05:57	0.000391645028
2024.11.14 19:05:58	0.00039177854
2024.11.14 19:05:59	0.000391741015
2024.11.14 19:06:00	0.000391823131
2024.11.14 19:06:01	0.000391886254
2024.11.14 19:06:02	0.000391958145
2024.11.14 19:06:03	0.000392032836
2024.11.14 19:06:04	0.000392035348
2024.11.14 19:06:05	0.000455280732
2024.11.14 19:06:06	0.000459717315
2024.11.14 19:06:07	0.000461499527
2024.11.14 19:06:08	0.000462590274
2024.11.14 19:06:09	0.000463289472
2024.11.14 19:06:10	0.000463850384
2024.11.14 19:06:11	0.00046426339
2024.11.14 19:06:12	0.00046466419
2024.11.14 19:06:13	0.000464994634
2024.11.14 19:06:14	0.000465160569
2024.11.14 19:06:15	0.00046535652
2024.11.14 19:06:16	0.000465540767
2024.11.14 19:06:17	0.000465702923
2024.11.14 19:06:18	0.000465872298
2024.11.14 19:06:19	0.000466497462
2024.11.14 19:06:20	0.000466775387
2024.11.14 19:06:21	0.000466808393
2024.11.14 19:06:22	0.000466874912
2024.11.14 19:06:23	0.00046700859
2024.11.14 19:06:24	0.000467097907
2024.11.14 19:06:25	0.000467217708
2024.11.14 19:06:26	0.000467304198
2024.11.14 19:06:27	0.000468062177
2024.11.14 19:06:28	0.000468062386
2024.11.14 19:06:29	0.000468056691
2024.11.14 19:06:30	0.00054138026
2024.11.14 19:06:31	0.000545993319
2024.11.14 19:06:32	0.00054778994
2024.11.14 19:06:33	0.000548955407
2024.11.14 19:06:34	0.000550003328
2024.11.14 19:06:35	0.000550543839
2024.11.14 19:06:36	0.000550919309
2024.11.14 19:06:37	0.000551250717
2024.11.14 19:06:38	0.000551591704
2024.11.14 19:06:39	0.000551786889
2024.11.14 19:06:40	0.000551998085
2024.11.14 19:06:41	0.000552154244
2024.11.14 19:06:42	0.000552150851
2024.11.14 19:06:43	0.000552421078
2024.11.14 19:06:44	0.000552594154
2024.11.14 19:06:45	0.000552742005
2024.11.14 19:06:46	0.000552972681
2024.11.14 19:06:47	0.00055293067
2024.11.14 19:06:48	0.000552980949
2024.11.14 19:06:49	0.000552601037
2024.11.14 19:06:50	0.000552688777
2024.11.14 19:06:51	0.000552871523
2024.11.14 19:06:52	0.000552996316
2024.11.14 19:06:53	0.000553184959
2024.11.14 19:06:54	0.000553226854
2024.11.14 19:06:55	0.000553365127
2024.11.14 19:06:56	0.000553508795
2024.11.14 19:06:57	0.000552921164
2024.11.14 19:06:58	0.000553084492
2024.11.14 19:06:59	0.000553099085
2024.11.14 19:07:00	0.000553081296
2024.11.14 19:07:01	0.000553041993
2024.11.14 19:07:02	0.00055308783
2024.11.14 19:07:03	0.000553297575
2024.11.14 19:07:04	0.000553289441
2024.11.14 19:07:05	0.000553195196
2024.11.14 19:07:06	0.000553166706
2024.11.14 19:07:07	0.000553256257
2024.11.14 19:07:08	0.000553307906
2024.11.14 19:07:09	0.000553229675
2024.11.14 19:07:10	0.000553685673
2024.11.14 19:07:11	0.000553688853
2024.11.14 19:07:12	0.00055369047
2024.11.14 19:07:13	0.000553793335
2024.11.14 19:07:14	0.000553732207
2024.11.14 19:07:15	0.000553792761
2024.11.14 19:07:16	0.00055383061
2024.11.14 19:07:17	0.00055385648
2024.11.14 19:07:18	0.000553929117
2024.11.14 19:07:19	0.000553909452
2024.11.14 19:07:20	0.000553954919
2024.11.14 19:07:21	0.000553975685
2024.11.14 19:07:22	0.000554040271
2024.11.14 19:07:23	0.000554126725
2024.11.14 19:07:24	0.000554110115
2024.11.14 19:07:25	0.000554161066
2024.11.14 19:07:26	0.000554200523
2024.11.14 19:07:27	0.000554234072
2024.11.14 19:07:28	0.000554326907
2024.11.14 19:07:29	0.00055431928
2024.11.14 19:07:30	0.000554354198
2024.11.14 19:07:31	0.000554357313
2024.11.14 19:07:32	0.000554419383
2024.11.14 19:07:33	0.000554489424
2024.11.14 19:07:34	0.000554567736
2024.11.14 19:07:35	0.000554533624
2024.11.14 19:07:36	0.000554501465
2024.11.14 19:07:37	0.000554534715
2024.11.14 19:07:38	0.000554565408
2024.11.14 19:07:39	0.000554527578
2024.11.14 19:07:40	0.000554556487
2024.11.14 19:07:41	0.000554564429
2024.11.14 19:07:42	0.000554622307
2024.11.14 19:07:43	0.000554693655
2024.11.14 19:07:44	0.000554719573
2024.11.14 19:07:45	0.000554711227
2024.11.14 19:07:46	0.00055475549
2024.11.14 19:07:47	0.000554725482
2024.11.14 19:07:48	0.000554812998
2024.11.14 19:07:49	0.000554878203
2024.11.14 19:07:50	0.000555032073
2024.11.14 19:07:51	0.0005550207
2024.11.14 19:07:52	0.000555089597
2024.11.14 19:07:53	0.000555184082
2024.11.14 19:07:54	0.000555180087
2024.11.14 19:07:55	0.000555253854
2024.11.14 19:07:56	0.000555329458
2024.11.14 19:07:57	0.00055609997
2024.11.14 19:07:58	0.000556091622
2024.11.14 19:07:59	0.000556073474
2024.11.14 19:08:00	0.00055614253
2024.11.14 19:08:01	0.000556176151
2024.11.14 19:08:02	0.000556203516
2024.11.14 19:08:03	0.000556357487
2024.11.14 19:08:04	0.000556979344
2024.11.14 19:08:05	0.000557157034
2024.11.14 19:08:06	0.00055716255
2024.11.14 19:08:07	0.000557193659
2024.11.14 19:08:08	0.000557303202
2024.11.14 19:08:09	0.000557283858
2024.11.14 19:08:10	0.000641758153
2024.11.14 19:08:11	0.000646371345
2024.11.14 19:08:12	0.000648380994
2024.11.14 19:08:13	0.000649319894
2024.11.14 19:08:14	0.00064996464
2024.11.14 19:08:15	0.000650418062
2024.11.14 19:08:16	0.000650799339
2024.11.14 19:08:17	0.00065119642
2024.11.14 19:08:18	0.000651542024
2024.11.14 19:08:19	0.000651432512
2024.11.14 19:08:20	0.00065163987
2024.11.14 19:08:21	0.000651764011
2024.11.14 19:08:22	0.000652064696
2024.11.14 19:08:23	0.000652238416
2024.11.14 19:08:24	0.000652274256
2024.11.14 19:08:25	0.000652402421
2024.11.14 19:08:26	0.000652539004
2024.11.14 19:08:27	0.000652135096
2024.11.14 19:08:28	0.000652283809
2024.11.14 19:08:29	0.00065228143
2024.11.14 19:08:30	0.000652392049
2024.11.14 19:08:31	0.000652428096
2024.11.14 19:08:32	0.000652604824
2024.11.14 19:08:33	0.000652685804
2024.11.14 19:08:34	0.00065230293
2024.11.14 19:08:35	0.00075073159
2024.11.14 19:08:36	0.000755556218
2024.11.14 19:08:37	0.000757516311
2024.11.14 19:08:38	0.000758677524
2024.11.14 19:08:39	0.000759375939
2024.11.14 19:08:40	0.000760041
2024.11.14 19:08:41	0.000760397666
2024.11.14 19:08:42	0.00076147787
2024.11.14 19:08:43	0.000761688137
2024.11.14 19:08:44	0.000761951205
2024.11.14 19:08:45	0.000762061598
2024.11.14 19:08:46	0.000762092551
2024.11.14 19:08:47	0.000762285442
2024.11.14 19:08:48	0.000762394729
2024.11.14 19:08:49	0.000762426599
2024.11.14 19:08:50	0.000762463805
2024.11.14 19:08:51	0.000762539137
2024.11.14 19:08:52	0.000762649219
2024.11.14 19:08:53	0.000762679804
2024.11.14 19:08:54	0.000762723104
2024.11.14 19:08:55	0.000762695222
2024.11.14 19:08:56	0.000762759552
2024.11.14 19:08:57	0.000762951906
2024.11.14 19:08:58	0.000763001644
2024.11.14 19:08:59	0.000763144107
2024.11.14 19:09:00	0.000875990433
2024.11.14 19:09:01	0.000878556174
2024.11.14 19:09:02	0.000880126993
2024.11.14 19:09:04	0.000881585354
2024.11.14 19:09:05	0.000881917346
2024.11.14 19:09:07	0.000882678802
2024.11.14 19:09:08	0.000882838879
2024.11.14 19:09:09	0.000883255825
2024.11.14 19:09:11	0.000883400997
2024.11.14 19:09:12	0.000883465487
2024.11.14 19:09:14	0.000883759393
2024.11.14 19:09:16	0.000884149118
2024.11.14 19:09:17	0.000884035668
2024.11.14 19:09:18	0.000884136571
2024.11.14 19:09:19	0.000884130822
2024.11.14 19:09:21	0.000884172515
2024.11.14 19:09:22	0.000884258401
2024.11.14 19:09:23	0.000884352295
2024.11.14 19:09:24	0.000986025928
2024.11.14 19:09:25	0.00101108118
2024.11.14 19:09:26	0.0010127402
2024.11.14 19:09:27	0.00101576017
2024.11.14 19:09:28	0.00101650402
2024.11.14 19:09:29	0.00101758605
2024.11.14 19:09:30	0.00101799153
2024.11.14 19:09:31	0.00101853774
2024.11.14 19:09:32	0.00101927037
2024.11.14 19:09:33	0.00101952638
2024.11.14 19:09:34	0.00102113779
2024.11.14 19:09:35	0.00102121155
2024.11.14 19:09:36	0.00102132983
2024.11.14 19:09:37	0.0010215863
2024.11.14 19:09:38	0.00102186901
2024.11.14 19:09:39	0.00102188751
2024.11.14 19:09:40	0.00102169607
2024.11.14 19:09:41	0.00102195524
2024.11.14 19:09:42	0.00102283895
2024.11.14 19:09:43	0.00102255023
2024.11.14 19:09:44	0.00102279489
2024.11.14 19:09:45	0.00102265951
2024.11.14 19:09:46	0.0010227496
2024.11.14 19:09:47	0.00102303794
2024.11.14 19:09:48	0.00102313629
2024.11.14 19:09:49	0.00102291895
2024.11.14 19:09:50	0.00116578785
2024.11.14 19:09:51	0.00117142593
2024.11.14 19:09:52	0.00117365569
2024.11.14 19:09:53	0.00117519054
2024.11.14 19:09:54	0.00117629795
2024.11.14 19:09:55	0.00117670776
2024.11.14 19:09:56	0.00117736029
2024.11.14 19:09:57	0.00117687532
2024.11.14 19:09:58	0.00117737126
2024.11.14 19:09:59	0.00117775578
2024.11.14 19:10:00	0.00117793379
2024.11.14 19:10:01	0.0011783517
2024.11.14 19:10:02	0.00117763938
2024.11.14 19:10:03	0.00117795527
2024.11.14 19:10:04	0.00117780361
2024.11.14 19:10:05	0.0011774258
2024.11.14 19:10:06	0.00117902076
2024.11.14 19:10:07	0.00117892174
2024.11.14 19:10:08	0.00117902854
2024.11.14 19:10:09	0.00117919125
2024.11.14 19:10:10	0.00117918776
2024.11.14 19:10:11	0.00117931989
2024.11.14 19:10:12	0.00118047689
2024.11.14 19:10:13	0.00118076373
2024.11.14 19:10:14	0.00118069346
2024.11.14 19:10:15	0.00118060843
2024.11.14 19:10:16	0.00118064563
2024.11.14 19:10:17	0.00118069733
2024.11.14 19:10:18	0.00118077791
2024.11.14 19:10:19	0.00118055799
2024.11.14 19:10:20	0.00118067671
2024.11.14 19:10:21	0.00118060072
2024.11.14 19:10:22	0.00118066271
2024.11.14 19:10:23	0.00118085501
2024.11.14 19:10:24	0.00118069806
2024.11.14 19:10:25	0.00118062987
2024.11.14 19:10:26	0.00118063578
2024.11.14 19:10:27	0.00118083413
2024.11.14 19:10:28	0.00118084899
2024.11.14 19:10:29	0.00118075713
2024.11.14 19:10:30	0.00118082949
2024.11.14 19:10:31	0.00118071884
2024.11.14 19:10:32	0.00118092502
2024.11.14 19:10:33	0.00118124306
2024.11.14 19:10:34	0.00118142408
2024.11.14 19:10:35	0.00118146412
2024.11.14 19:10:36	0.00118147886
2024.11.14 19:10:37	0.00118189721
2024.11.14 19:10:38	0.00118182279
2024.11.14 19:10:39	0.00118159535
2024.11.14 19:10:40	0.00118152927
2024.11.14 19:10:41	0.00118133149
2024.11.14 19:10:42	0.00118166224
2024.11.14 19:10:43	0.00118170334
2024.11.14 19:10:44	0.00118170964
2024.11.14 19:10:45	0.00118173609
2024.11.14 19:10:46	0.00118139348
2024.11.14 19:10:47	0.00118178612
2024.11.14 19:10:48	0.00118182454
2024.11.14 19:10:49	0.00118156984
2024.11.14 19:10:50	0.00118130953
2024.11.14 19:10:51	0.00118146616
2024.11.14 19:10:52	0.00118211816
2024.11.14 19:10:53	0.0011818099
2024.11.14 19:10:54	0.00118223957
2024.11.14 19:10:55	0.00118194303
2024.11.14 19:10:56	0.00118217131
2024.11.14 19:10:57	0.00118383907
2024.11.14 19:10:58	0.00118368398
2024.11.14 19:10:59	0.00118335118
2024.11.14 19:11:00	0.00118291642
2024.11.14 19:11:01	0.00118286598
2024.11.14 19:11:02	0.00118342769
2024.11.14 19:11:03	0.00118338125
2024.11.14 19:11:04	0.00118494505
2024.11.14 19:11:05	0.00118495548
2024.11.14 19:11:06	0.00118478864
2024.11.14 19:11:07	0.00118504048
2024.11.14 19:11:08	0.00118492347
2024.11.14 19:11:09	0.00118518021
2024.11.14 19:11:10	0.00118492614
2024.11.14 19:11:11	0.00118482415
2024.11.14 19:11:12	0.00118589789
2024.11.14 19:11:13	0.00118563103
2024.11.14 19:11:14	0.00118562494
2024.11.14 19:11:15	0.00118559653
2024.11.14 19:11:16	0.00118567746
2024.11.14 19:11:17	0.00118607061
2024.11.14 19:11:18	0.00118585348
2024.11.14 19:11:19	0.00118579148
2024.11.14 19:11:20	0.00118580447
2024.11.14 19:11:21	0.00118583555
2024.11.14 19:11:22	0.00118626226
2024.11.14 19:11:23	0.00118625279
2024.11.14 19:11:24	0.0011865249
2024.11.14 19:11:25	0.00118649869
2024.11.14 19:11:26	0.00118657672
2024.11.14 19:11:27	0.00118589715
2024.11.14 19:11:28	0.00118609137
2024.11.14 19:11:29	0.00118623854
2024.11.14 19:11:30	0.00134241095
2024.11.14 19:11:31	0.00134766669
2024.11.14 19:11:32	0.00134991763
2024.11.14 19:11:33	0.00135033501
2024.11.14 19:11:34	0.00135040784
2024.11.14 19:11:35	0.0013509425
2024.11.14 19:11:36	0.0013526266
2024.11.14 19:11:37	0.00135315437
2024.11.14 19:11:38	0.00135329817
2024.11.14 19:11:39	0.00135354971
2024.11.14 19:11:40	0.00135365796
2024.11.14 19:11:41	0.00135371134
2024.11.14 19:11:42	0.00135531288
2024.11.14 19:11:43	0.00135539643
2024.11.14 19:11:44	0.00135543888
2024.11.14 19:11:45	0.00135560076
2024.11.14 19:11:46	0.00135527875
2024.11.14 19:11:47	0.00135545714
2024.11.14 19:11:48	0.00135531069
2024.11.14 19:11:49	0.00135550646
2024.11.14 19:11:50	0.00135542152
2024.11.14 19:11:51	0.00135522605
2024.11.14 19:11:52	0.00135548174
2024.11.14 19:11:53	0.00135532817
2024.11.14 19:11:54	0.00135533229
2024.11.14 19:11:55	0.00152905257
2024.11.14 19:11:56	0.00153495999
2024.11.14 19:11:57	0.00153711276
2024.11.14 19:11:58	0.00153849622
2024.11.14 19:11:59	0.00153930757
2024.11.14 19:12:00	0.00153992093
2024.11.14 19:12:01	0.00154025948
2024.11.14 19:12:02	0.00154121339
2024.11.14 19:12:03	0.00154168312
2024.11.14 19:12:04	0.00154183821
2024.11.14 19:12:05	0.00154220139
2024.11.14 19:12:06	0.00154265256
2024.11.14 19:12:07	0.00154304193
2024.11.14 19:12:08	0.0015429229
2024.11.14 19:12:09	0.0015429661
2024.11.14 19:12:10	0.0015429198
2024.11.14 19:12:11	0.00154282707
2024.11.14 19:12:12	0.00154271519
2024.11.14 19:12:13	0.00154293391
2024.11.14 19:12:14	0.00154271655
2024.11.14 19:12:15	0.00154280139
2024.11.14 19:12:16	0.00154253507
2024.11.14 19:12:17	0.00154322034
2024.11.14 19:12:18	0.00154342388
2024.11.14 19:12:19	0.00154499612
2024.11.14 19:12:20	0.00173766995
2024.11.14 19:12:21	0.00174352425
2024.11.14 19:12:22	0.00174595527
2024.11.14 19:12:23	0.00174750644
2024.11.14 19:12:24	0.00174835374
2024.11.14 19:12:25	0.00174888281
2024.11.14 19:12:26	0.00174938698
2024.11.14 19:12:27	0.001752091
2024.11.14 19:12:28	0.0017518553
2024.11.14 19:12:29	0.00175197615
2024.11.14 19:12:30	0.00175219229
2024.11.14 19:12:31	0.00175238854
2024.11.14 19:12:32	0.00175281625
2024.11.14 19:12:33	0.0017534793
2024.11.14 19:12:34	0.0017523884
2024.11.14 19:12:35	0.00175234405
2024.11.14 19:12:36	0.001752386
2024.11.14 19:12:37	0.00175305706
2024.11.14 19:12:38	0.00175316893
2024.11.14 19:12:39	0.00175314042
2024.11.14 19:12:40	0.00175291033
2024.11.14 19:12:41	0.00175278107
2024.11.14 19:12:42	0.00175201943
2024.11.14 19:12:43	0.00175225054
2024.11.14 19:12:44	0.00175260058
2024.11.14 19:12:45	0.00197091888
2024.11.14 19:12:46	0.00197844413
2024.11.14 19:12:47	0.00198076354
2024.11.14 19:12:48	0.00198226819
2024.11.14 19:12:49	0.00198505819
2024.11.14 19:12:50	0.00198589261
2024.11.14 19:12:51	0.00198598123
2024.11.14 19:12:52	0.0019865081
2024.11.14 19:12:53	0.00198655685
2024.11.14 19:12:54	0.00198688214
2024.11.14 19:12:55	0.00198708054
2024.11.14 19:12:56	0.00198741701
2024.11.14 19:12:57	0.00198797815
2024.11.14 19:12:58	0.00198583001
2024.11.14 19:12:59	0.00198784674
2024.11.14 19:13:00	0.00198762131
2024.11.14 19:13:01	0.00198763014
2024.11.14 19:13:02	0.00198813444
2024.11.14 19:13:03	0.00198762804
2024.11.14 19:13:04	0.00198793193
2024.11.14 19:13:05	0.00198785537
2024.11.14 19:13:06	0.00198774496
2024.11.14 19:13:07	0.00198837353
2024.11.14 19:13:08	0.00198803573
2024.11.14 19:13:09	0.00198850693
2024.11.14 19:13:10	0.00222261766
2024.11.14 19:13:11	0.00223041285
2024.11.14 19:13:12	0.00223246016
2024.11.14 19:13:13	0.00223380673
2024.11.14 19:13:14	0.00223510992
2024.11.14 19:13:15	0.00223562747
2024.11.14 19:13:16	0.00223535537
2024.11.14 19:13:17	0.00223719603
2024.11.14 19:13:18	0.00223748456
2024.11.14 19:13:19	0.00223974111
2024.11.14 19:13:20	0.00224012273
2024.11.14 19:13:21	0.00223953232
2024.11.14 19:13:22	0.00224057063
2024.11.14 19:13:23	0.00224030791
2024.11.14 19:13:24	0.00224023081
2024.11.14 19:13:25	0.00224089505
2024.11.14 19:13:26	0.00224037335
2024.11.14 19:13:27	0.00224378471
2024.11.14 19:13:28	0.00224308128
2024.11.14 19:13:29	0.00224295575
2024.11.14 19:13:30	0.00224317789
2024.11.14 19:13:31	0.002242743
2024.11.14 19:13:32	0.00224359216
2024.11.14 19:13:33	0.00224407666
2024.11.14 19:13:34	0.0022452919
2024.11.14 19:13:35	0.00224484071
2024.11.14 19:13:36	0.00224377369
2024.11.14 19:13:37	0.00224403001
2024.11.14 19:13:38	0.00224440638
2024.11.14 19:13:39	0.0022443409
2024.11.14 19:13:40	0.00224446306
2024.11.14 19:13:41	0.00224454815
2024.11.14 19:13:42	0.00224436065
2024.11.14 19:13:43	0.00224485486
2024.11.14 19:13:44	0.00224480026
2024.11.14 19:13:45	0.00224510739
2024.11.14 19:13:46	0.00224522047
2024.11.14 19:13:47	0.00224548192
2024.11.14 19:13:48	0.00224589215
2024.11.14 19:13:49	0.0022443829
2024.11.14 19:13:50	0.00224319211
2024.11.14 19:13:51	0.00224282659
2024.11.14 19:13:52	0.00224444237
2024.11.14 19:13:53	0.00224502563
2024.11.14 19:13:54	0.00224363874
2024.11.14 19:13:55	0.00224349129
2024.11.14 19:13:56	0.00224417864
2024.11.14 19:13:57	0.0022430068
2024.11.14 19:13:58	0.00224422234
2024.11.14 19:13:59	0.00224369091
2024.11.14 19:14:00	0.00224540983
2024.11.14 19:14:01	0.0022452781
2024.11.14 19:14:02	0.00224547589
2024.11.14 19:14:03	0.00224540423
2024.11.14 19:14:04	0.00224730746
2024.11.14 19:14:05	0.00224768297
2024.11.14 19:14:06	0.00224772403
2024.11.14 19:14:07	0.00224797834
2024.11.14 19:14:08	0.00224753751
2024.11.14 19:14:09	0.00224794363
2024.11.14 19:14:10	0.00224762033
2024.11.14 19:14:11	0.00224733469
2024.11.14 19:14:12	0.00224812467
2024.11.14 19:14:13	0.0022478163
2024.11.14 19:14:14	0.00224795088
2024.11.14 19:14:15	0.00224798392
2024.11.14 19:14:16	0.00224708093
2024.11.14 19:14:17	0.002248016
2024.11.14 19:14:18	0.00224783024
2024.11.14 19:14:19	0.00224782932
2024.11.14 19:14:20	0.00224812108
2024.11.14 19:14:21	0.0022476013
2024.11.14 19:14:22	0.00224806894
2024.11.14 19:14:23	0.00224846895
2024.11.14 19:14:24	0.00224818436
2024.11.14 19:14:25	0.00224856262
2024.11.14 19:14:26	0.00224831088
2024.11.14 19:14:27	0.00224876638
2024.11.14 19:14:28	0.00224908679
2024.11.14 19:14:29	0.00224909331
2024.11.14 19:14:30	0.00224903155
2024.11.14 19:14:31	0.00224860361
2024.11.14 19:14:32	0.00224813254
2024.11.14 19:14:33	0.00224843661
2024.11.14 19:14:34	0.00224715673
2024.11.14 19:14:35	0.00224707195
2024.11.14 19:14:36	0.00224664793
2024.11.14 19:14:37	0.00224694188
2024.11.14 19:14:38	0.00224729506
2024.11.14 19:14:39	0.0022471869
2024.11.14 19:14:40	0.00224703999
2024.11.14 19:14:41	0.00224713155
2024.11.14 19:14:42	0.00224973291
2024.11.14 19:14:43	0.00224968268
2024.11.14 19:14:44	0.00224952486
2024.11.14 19:14:45	0.00224915901
2024.11.14 19:14:46	0.00224966129
2024.11.14 19:14:47	0.00225012074
2024.11.14 19:14:48	0.00225018077